gene_id	gene_symbol
ENSMUSG00000025902	Sox17
ENSMUSG00000033845	Mrpl15
ENSMUSG00000033813	Tcea1
ENSMUSG00000033793	Atp6v1h
ENSMUSG00000025920	Stau2
ENSMUSG00000079658	Eloc
ENSMUSG00000026158	Ogfrl1
ENSMUSG00000026154	Sdhaf4
ENSMUSG00000026131	Dst
ENSMUSG00000026126	Ptpn18
ENSMUSG00000046337	Fam178b
ENSMUSG00000037351	Actr1b
ENSMUSG00000026116	Tmem131
ENSMUSG00000060771	Tsga10
ENSMUSG00000026078	Pdcl3
ENSMUSG00000008136	Fhl2
ENSMUSG00000041144	Dnah7b
ENSMUSG00000026107	Nabp1
ENSMUSG00000002881	Nab1
ENSMUSG00000043015	Nemp2
ENSMUSG00000026102	Inpp1
ENSMUSG00000026097	Ormdl1
ENSMUSG00000042807	Hecw2
ENSMUSG00000025982	Sf3b1
ENSMUSG00000026034	Clk1
ENSMUSG00000026036	Nif3l1
ENSMUSG00000038079	Tmem237
ENSMUSG00000101599	Gm20342
ENSMUSG00000027520	Zdbf2
ENSMUSG00000045005	Fzd5
ENSMUSG00000025949	Pikfyve
ENSMUSG00000026000	Lancl1
ENSMUSG00000025997	Ikzf2
ENSMUSG00000026192	Atic
ENSMUSG00000026185	Igfbp5
ENSMUSG00000026176	Ctdsp1
ENSMUSG00000026208	Des
ENSMUSG00000006576	Slc4a3
ENSMUSG00000026248	Mrpl44
ENSMUSG00000045658	Pid1
ENSMUSG00000044783	Hjurp
ENSMUSG00000049866	Arl4c
ENSMUSG00000047443	Erfe
ENSMUSG00000034220	Gpc1
ENSMUSG00000026273	Mterf4
ENSMUSG00000026277	Stk25
ENSMUSG00000026283	Ing5
ENSMUSG00000073609	D2hgdh
ENSMUSG00000058665	En1
ENSMUSG00000026342	Slc35f5
ENSMUSG00000026355	Mcm6
ENSMUSG00000009772	Nuak2
ENSMUSG00000026414	Tnnt2
ENSMUSG00000041642	Kif21b
ENSMUSG00000041570	Camsap2
ENSMUSG00000097113	Gm19705
ENSMUSG00000033964	Zbtb41
ENSMUSG00000033952	Aspm
ENSMUSG00000018189	Uchl5
ENSMUSG00000066842	Hmcn1
ENSMUSG00000023150	Ivns1abp
ENSMUSG00000042772	Smg7
ENSMUSG00000078193	Gm2000
ENSMUSG00000101523	Gm10031
ENSMUSG00000026596	Abl2
ENSMUSG00000060519	Tor3a
ENSMUSG00000040423	Rc3h1
ENSMUSG00000044835	Ankrd45
ENSMUSG00000026694	Mettl13
ENSMUSG00000026696	Vamp4
ENSMUSG00000040225	Prrc2c
ENSMUSG00000041406	BC055324
ENSMUSG00000026577	Blzf1
ENSMUSG00000026576	Atp1b1
ENSMUSG00000026568	Mpc2
ENSMUSG00000040723	Rcsd1
ENSMUSG00000040713	Creg1
ENSMUSG00000026663	Atf6
ENSMUSG00000005681	Apoa2
ENSMUSG00000038034	Igsf8
ENSMUSG00000078184	Rbm8a2
ENSMUSG00000026502	Desi2
ENSMUSG00000026489	Coq8a
ENSMUSG00000010609	Psen2
ENSMUSG00000026496	Parp1
ENSMUSG00000097347	Gm17275
ENSMUSG00000026510	Trp53bp2
ENSMUSG00000046836	Brox
ENSMUSG00000042901	Aida
ENSMUSG00000056050	Mia3
ENSMUSG00000044854	1700056E22Rik
ENSMUSG00000026621	Marc1
ENSMUSG00000097261	4930532G15Rik
ENSMUSG00000026615	Eprs
ENSMUSG00000089872	Rps6kc1
ENSMUSG00000026627	Tmem206
ENSMUSG00000037474	Dtl
ENSMUSG00000016200	Syt14
ENSMUSG00000016181	Diexf
ENSMUSG00000016179	Camk1g
ENSMUSG00000109865	Hspa14
ENSMUSG00000026664	Phyh
ENSMUSG00000026669	Mcm10
ENSMUSG00000045319	Proser2
ENSMUSG00000047909	Ankrd16
ENSMUSG00000026768	Itga8
ENSMUSG00000026727	Rsu1
ENSMUSG00000026723	Trdmt1
ENSMUSG00000026707	Nsun6
ENSMUSG00000017418	Arl5b
ENSMUSG00000026737	Pip4k2a
ENSMUSG00000023094	Msrb2
ENSMUSG00000026781	Acbd5
ENSMUSG00000036893	Ehmt1
ENSMUSG00000036850	Mrpl41
ENSMUSG00000036833	Pnpla7
ENSMUSG00000013465	Nelfb
ENSMUSG00000015094	Npdc1
ENSMUSG00000047617	BC029214
ENSMUSG00000026942	Traf2
ENSMUSG00000087679	C330006A16Rik
ENSMUSG00000036160	Surf6
ENSMUSG00000015776	Med22
ENSMUSG00000014867	Surf4
ENSMUSG00000109946	D2Bwg1423e
ENSMUSG00000026831	1700007K13Rik
ENSMUSG00000035772	Mrps2
ENSMUSG00000026815	Gfi1b
ENSMUSG00000035666	Gtf3c4
ENSMUSG00000026803	Ttf1
ENSMUSG00000026799	Med27
ENSMUSG00000059316	Slc27a4
ENSMUSG00000026858	Miga2
ENSMUSG00000039515	Ptpa
ENSMUSG00000050737	Ptges
ENSMUSG00000062661	Ncs1
ENSMUSG00000026842	Abl1
ENSMUSG00000051373	Plpp7
ENSMUSG00000044627	Swi5
ENSMUSG00000079442	St6galnac4
ENSMUSG00000026817	Ak1
ENSMUSG00000038860	Garnl3
ENSMUSG00000070953	Rabepk
ENSMUSG00000035949	Fbxw2
ENSMUSG00000026869	Psmd5
ENSMUSG00000026878	Rab14
ENSMUSG00000026895	Ndufa8
ENSMUSG00000000247	Lhx2
ENSMUSG00000026753	Ppp6c
ENSMUSG00000052248	Zeb2os
ENSMUSG00000050447	Lypd6
ENSMUSG00000026960	Arl6ip6
ENSMUSG00000026970	Rbms1
ENSMUSG00000064289	Tank
ENSMUSG00000026914	Psmd14
ENSMUSG00000026893	Gca
ENSMUSG00000034903	Cobll1
ENSMUSG00000005233	Spc25
ENSMUSG00000087264	Gad1os
ENSMUSG00000056486	Chn1
ENSMUSG00000018770	Atp5g3
ENSMUSG00000042448	Hoxd1
ENSMUSG00000027099	Mtx2
ENSMUSG00000027082	Tfpi
ENSMUSG00000076437	Selenoh
ENSMUSG00000027080	Med19
ENSMUSG00000025314	Ptprj
ENSMUSG00000027282	Mtch2
ENSMUSG00000027255	Arfgap2
ENSMUSG00000027247	Arhgap1
ENSMUSG00000058318	Phf21a
ENSMUSG00000027222	Pex16
ENSMUSG00000027223	Mapk8ip1
ENSMUSG00000068742	Cry2
ENSMUSG00000027220	Syt13
ENSMUSG00000075028	Prdm11
ENSMUSG00000040272	Accs
ENSMUSG00000075020	Mir670hg
ENSMUSG00000010911	Apip
ENSMUSG00000027187	Cat
ENSMUSG00000016458	Wt1
ENSMUSG00000027130	Slc12a6
ENSMUSG00000027132	Katnbl1
ENSMUSG00000055943	Emc7
ENSMUSG00000040321	Zfp770
ENSMUSG00000040282	BC052040
ENSMUSG00000086328	2700033N17Rik
ENSMUSG00000040084	Bub1b
ENSMUSG00000027326	Knl1
ENSMUSG00000046814	Gchfr
ENSMUSG00000034278	Dnajc17
ENSMUSG00000068580	Zfyve19
ENSMUSG00000027315	Spint1
ENSMUSG00000027313	Chac1
ENSMUSG00000054484	Tmem62
ENSMUSG00000074890	Lcmt2
ENSMUSG00000027246	Ell3
ENSMUSG00000048222	Mfap1b
ENSMUSG00000027238	Frmd5
ENSMUSG00000033411	Ctdspl2
ENSMUSG00000068452	Duox2
ENSMUSG00000005802	Slc30a4
ENSMUSG00000027201	Myef2
ENSMUSG00000001998	Ap4e1
ENSMUSG00000034906	Ncaph
ENSMUSG00000074825	Itpripl1
ENSMUSG00000003660	Snrnp200
ENSMUSG00000003662	Ciao1
ENSMUSG00000079056	Kcnip3
ENSMUSG00000027374	Mrps5
ENSMUSG00000027394	Ttl
ENSMUSG00000037902	Sirpa
ENSMUSG00000027408	Cpxm1
ENSMUSG00000027300	Ubox5
ENSMUSG00000074793	Hspa12b
ENSMUSG00000027327	1700037H04Rik
ENSMUSG00000068267	Cenpb
ENSMUSG00000037523	Mavs
ENSMUSG00000037514	Pank2
ENSMUSG00000027346	Gpcpd1
ENSMUSG00000044991	1110034G24Rik
ENSMUSG00000043110	Lrrn4
ENSMUSG00000001767	Crnkl1
ENSMUSG00000074736	Syndig1
ENSMUSG00000079009	Gm14139
ENSMUSG00000074735	Gm21994
ENSMUSG00000033080	Vsx1
ENSMUSG00000087433	Gm14167
ENSMUSG00000019188	H13
ENSMUSG00000027472	Pdrg1
ENSMUSG00000074671	Tspyl3
ENSMUSG00000051413	Plagl2
ENSMUSG00000079000	Dnmt3bos
ENSMUSG00000027479	Mapre1
ENSMUSG00000038523	1700003F12Rik
ENSMUSG00000027490	E2f1
ENSMUSG00000027593	Raly
ENSMUSG00000047459	Dynlrb1
ENSMUSG00000027605	Acss2
ENSMUSG00000027610	Gss
ENSMUSG00000005881	Ergic3
ENSMUSG00000067847	Romo1
ENSMUSG00000046229	Scand1
ENSMUSG00000061689	Dlgap4
ENSMUSG00000027636	Sla2
ENSMUSG00000027639	Samhd1
ENSMUSG00000027641	Rbl1
ENSMUSG00000027646	Src
ENSMUSG00000067787	Blcap
ENSMUSG00000027650	Tti1
ENSMUSG00000037754	Ppp1r16b
ENSMUSG00000016933	Plcg1
ENSMUSG00000027412	Lpin3
ENSMUSG00000109780	Gm45447
ENSMUSG00000099632	2900093K20Rik
ENSMUSG00000017679	Ttpal
ENSMUSG00000017697	Ada
ENSMUSG00000045503	Sys1
ENSMUSG00000017723	Wfdc2
ENSMUSG00000039849	Pcif1
ENSMUSG00000017652	Cd40
ENSMUSG00000017897	Eya2
ENSMUSG00000006800	Sulf2
ENSMUSG00000074582	Arfgef2
ENSMUSG00000002718	Cse1l
ENSMUSG00000039463	Slc9a8
ENSMUSG00000056501	Cebpb
ENSMUSG00000052056	Zfp217
ENSMUSG00000027502	Rtfdc1
ENSMUSG00000008999	Bmp7
ENSMUSG00000054455	Vapb
ENSMUSG00000027523	Gnas
ENSMUSG00000078898	Zfp968
ENSMUSG00000078878	Gm14305
ENSMUSG00000038605	Samd10
ENSMUSG00000004317	Clcn5
ENSMUSG00000031153	Gripap1
ENSMUSG00000031168	Ebp
ENSMUSG00000031176	Dynlt3
ENSMUSG00000031007	Atp6ap2
ENSMUSG00000025037	Maoa
ENSMUSG00000025038	Efhc2
ENSMUSG00000023070	Rgn
ENSMUSG00000001134	Uxt
ENSMUSG00000036769	Wdr44
ENSMUSG00000016319	Slc25a5
ENSMUSG00000044149	Nkrf
ENSMUSG00000079635	Rhox4c
ENSMUSG00000079633	Rhox4d
ENSMUSG00000006200	Rhox6
ENSMUSG00000048047	Zbtb33
ENSMUSG00000063785	Utp14a
ENSMUSG00000031107	Rbmx2
ENSMUSG00000031112	Stk26
ENSMUSG00000050029	Rap2c
ENSMUSG00000073207	Ccdc160
ENSMUSG00000035967	Ints6l
ENSMUSG00000060681	Slc9a6
ENSMUSG00000067873	Htatsf1
ENSMUSG00000031139	Mcf2
ENSMUSG00000031179	3830417A13Rik
ENSMUSG00000073139	Tmem185a
ENSMUSG00000015214	Mtmr1
ENSMUSG00000050424	Pnma5
ENSMUSG00000031378	Abcd1
ENSMUSG00000002010	Idh3g
ENSMUSG00000002014	Ssr4
ENSMUSG00000002006	Pdzd4
ENSMUSG00000015291	Gdi1
ENSMUSG00000025246	Tbl1x
ENSMUSG00000025059	Gk
ENSMUSG00000035246	Pcyt1b
ENSMUSG00000047694	Yipf6
ENSMUSG00000042903	Foxo4
ENSMUSG00000031302	Nlgn3
ENSMUSG00000031310	Zmym3
ENSMUSG00000046449	C77370
ENSMUSG00000031333	Abcb7
ENSMUSG00000031229	Atrx
ENSMUSG00000031232	Magt1
ENSMUSG00000033792	Atp7a
ENSMUSG00000055733	Nap1l3
ENSMUSG00000031256	Cstf2
ENSMUSG00000033578	Tmem35a
ENSMUSG00000031262	Cenpi
ENSMUSG00000049804	Armcx4
ENSMUSG00000049047	Armcx3
ENSMUSG00000047844	Bex4
ENSMUSG00000089996	Tmsb15b2
ENSMUSG00000054667	Irs4
ENSMUSG00000042271	Nxt2
ENSMUSG00000090122	Kcne1l
ENSMUSG00000041353	Tmem29
ENSMUSG00000025268	Maged2
ENSMUSG00000025260	Hsd17b10
ENSMUSG00000025332	Kdm5c
ENSMUSG00000056679	Gpr173
ENSMUSG00000050148	Ubqln2
ENSMUSG00000041633	Kctd12b
ENSMUSG00000071708	Sms
ENSMUSG00000025658	Cnksr2
ENSMUSG00000040990	Sh3kbp1
ENSMUSG00000031295	Phka2
ENSMUSG00000043518	Rai2
ENSMUSG00000031353	Rbbp7
ENSMUSG00000031381	Piga
ENSMUSG00000040586	Ofd1
ENSMUSG00000051224	Tceanc
ENSMUSG00000031358	Msl3
ENSMUSG00000027499	Pkia
ENSMUSG00000040289	Hey1
ENSMUSG00000027534	Snx16
ENSMUSG00000047213	Ythdf3
ENSMUSG00000027599	Armc1
ENSMUSG00000069094	Pde7a
ENSMUSG00000027695	Pld1
ENSMUSG00000027684	Mecom
ENSMUSG00000027660	Skil
ENSMUSG00000037625	Cldn11
ENSMUSG00000027669	Gnb4
ENSMUSG00000027676	Ccdc39
ENSMUSG00000074637	Sox2
ENSMUSG00000085655	Gm15952
ENSMUSG00000037325	Bbs7
ENSMUSG00000037270	4932438A13Rik
ENSMUSG00000045031	Cetn4
ENSMUSG00000105260	Gm42434
ENSMUSG00000090919	Pabpc4l
ENSMUSG00000023087	Noct
ENSMUSG00000074604	Mgst2
ENSMUSG00000061143	Maml3
ENSMUSG00000027742	Cog6
ENSMUSG00000042997	Nhlrc3
ENSMUSG00000037016	Frem2
ENSMUSG00000027752	Exosc8
ENSMUSG00000036632	Alg5
ENSMUSG00000027806	Tsc22d2
ENSMUSG00000027761	Aadac
ENSMUSG00000027765	P2ry1
ENSMUSG00000036834	Plch1
ENSMUSG00000027822	Slc33a1
ENSMUSG00000074579	Lekr1
ENSMUSG00000034544	Rsrc1
ENSMUSG00000034317	Trim59
ENSMUSG00000027784	Ppm1l
ENSMUSG00000043300	B3galnt1
ENSMUSG00000034109	Golim4
ENSMUSG00000027809	Etfdh
ENSMUSG00000027811	4930579G24Rik
ENSMUSG00000027955	Fam198b
ENSMUSG00000028015	Ctso
ENSMUSG00000004885	Crabp2
ENSMUSG00000028070	Apoa1bp
ENSMUSG00000104445	Rhbg
ENSMUSG00000001418	Glmp
ENSMUSG00000001420	Tmem79
ENSMUSG00000028063	Lmna
ENSMUSG00000059743	Fdps
ENSMUSG00000028041	Adam15
ENSMUSG00000090733	Rps27
ENSMUSG00000052310	Slc39a1
ENSMUSG00000001016	Ilf2
ENSMUSG00000001017	Chtop
ENSMUSG00000074457	S100a16
ENSMUSG00000028140	Mrpl9
ENSMUSG00000028139	Riiad1
ENSMUSG00000005779	Psmb4
ENSMUSG00000038861	Pi4kb
ENSMUSG00000097167	Gm16740
ENSMUSG00000053192	Mllt11
ENSMUSG00000015711	Prune1
ENSMUSG00000046519	Golph3l
ENSMUSG00000045934	Mtmr11
ENSMUSG00000038393	Txnip
ENSMUSG00000038374	Rbm8a
ENSMUSG00000038256	Bcl9
ENSMUSG00000053398	Phgdh
ENSMUSG00000004233	Wars2
ENSMUSG00000027865	Gdap2
ENSMUSG00000033233	Trim45
ENSMUSG00000027860	Vangl1
ENSMUSG00000027855	Sycp1
ENSMUSG00000005687	Bcas2
ENSMUSG00000033014	Trim33
ENSMUSG00000089998	Phtf1os
ENSMUSG00000000561	Wdr77
ENSMUSG00000010136	Pifo
ENSMUSG00000056260	Lrif1
ENSMUSG00000068762	Gstm6
ENSMUSG00000058135	Gstm1
ENSMUSG00000050947	Amigo1
ENSMUSG00000068740	Celsr2
ENSMUSG00000027883	Gpsm2
ENSMUSG00000027882	Stxbp3
ENSMUSG00000027959	Sass6
ENSMUSG00000033400	Agl
ENSMUSG00000028134	Ptbp2
ENSMUSG00000053931	Cnn3
ENSMUSG00000053965	Pde5a
ENSMUSG00000050549	5730508B09Rik
ENSMUSG00000062006	Rpl34
ENSMUSG00000027984	Hadh
ENSMUSG00000044365	Cxxc4
ENSMUSG00000028167	Bdh2
ENSMUSG00000078578	Ube2d3
ENSMUSG00000028159	Dapp1
ENSMUSG00000005813	Metap1
ENSMUSG00000028266	Lmo4
ENSMUSG00000074182	Znhit6
ENSMUSG00000028195	Cyr61
ENSMUSG00000028194	Ddah1
ENSMUSG00000036832	Lpar3
ENSMUSG00000068523	Gng5
ENSMUSG00000039068	Zzz3
ENSMUSG00000028175	Depdc1a
ENSMUSG00000068240	Gm11808
ENSMUSG00000028249	Sdcbp
ENSMUSG00000047187	Rab2a
ENSMUSG00000028211	Trp53inp1
ENSMUSG00000028212	Ccne2
ENSMUSG00000078773	Rad54b
ENSMUSG00000049225	Pdp1
ENSMUSG00000052137	Rbm12b2
ENSMUSG00000046667	Rbm12b1
ENSMUSG00000006586	Runx1t1
ENSMUSG00000040455	Usp45
ENSMUSG00000028248	Pnisr
ENSMUSG00000028246	Faxc
ENSMUSG00000028289	Epha7
ENSMUSG00000028282	Casp8ap2
ENSMUSG00000040183	Ankrd6
ENSMUSG00000028409	Smu1
ENSMUSG00000028438	Kif24
ENSMUSG00000073889	Il11ra1
ENSMUSG00000036114	Rpp25l
ENSMUSG00000028456	Unc13b
ENSMUSG00000028465	Tln1
ENSMUSG00000028466	Creb3
ENSMUSG00000028468	Rgp1
ENSMUSG00000043633	Fam221b
ENSMUSG00000035572	Dcaf10
ENSMUSG00000028328	Tmod1
ENSMUSG00000028337	Coro2a
ENSMUSG00000028345	Tex10
ENSMUSG00000039634	Zfp189
ENSMUSG00000015247	Nipsnap3b
ENSMUSG00000066151	Fkbp15
ENSMUSG00000066148	Prpf4
ENSMUSG00000028358	Zfp618
ENSMUSG00000028399	Ptprd
ENSMUSG00000048706	Lurap1l
ENSMUSG00000028484	Psip1
ENSMUSG00000028496	Mllt3
ENSMUSG00000006386	Tek
ENSMUSG00000062627	Mysm1
ENSMUSG00000035305	Ror1
ENSMUSG00000086782	E130102H24Rik
ENSMUSG00000028527	Ak4
ENSMUSG00000028524	Sgip1
ENSMUSG00000028522	Mier1
ENSMUSG00000028622	Mrpl37
ENSMUSG00000028621	Cyb5rl
ENSMUSG00000028608	0610037L13Rik
ENSMUSG00000028603	Scp2
ENSMUSG00000028552	Eps15
ENSMUSG00000028719	Cmpk1
ENSMUSG00000028718	Stil
ENSMUSG00000028716	Pdzk1ip1
ENSMUSG00000028708	Mknk1
ENSMUSG00000028701	Lurap1
ENSMUSG00000043155	Hpdl
ENSMUSG00000028678	Kif2c
ENSMUSG00000028677	Rnf220
ENSMUSG00000033295	Ptprf
ENSMUSG00000006392	Med8
ENSMUSG00000028536	2610528J11Rik
ENSMUSG00000050854	Tmem125
ENSMUSG00000060288	Ppih
ENSMUSG00000028637	Ccdc30
ENSMUSG00000032870	Smap2
ENSMUSG00000043207	Zmpste24
ENSMUSG00000023075	Akirin1
ENSMUSG00000042616	Oscp1
ENSMUSG00000042558	Adprhl2
ENSMUSG00000028845	Tekt2
ENSMUSG00000028833	Ncdn
ENSMUSG00000028789	Azin2
ENSMUSG00000050390	C77080
ENSMUSG00000028807	Zbtb8a
ENSMUSG00000040859	Bsdc1
ENSMUSG00000078554	Fam229a
ENSMUSG00000047945	Marcksl1
ENSMUSG00000053841	Txlna
ENSMUSG00000028788	Ptp4a2
ENSMUSG00000054428	Atpif1
ENSMUSG00000028851	Nudc
ENSMUSG00000028843	Sh3bgrl3
ENSMUSG00000028832	Stmn1
ENSMUSG00000028821	Syf2
ENSMUSG00000028675	Pnrc2
ENSMUSG00000001604	Tcea3
ENSMUSG00000028763	Hspg2
ENSMUSG00000043411	Usp48
ENSMUSG00000028766	Alpl
ENSMUSG00000041143	Tmco4
ENSMUSG00000028737	Aldh4a1
ENSMUSG00000040972	Igsf21
ENSMUSG00000040842	Szrd1
ENSMUSG00000006445	Epha2
ENSMUSG00000006219	Fblim1
ENSMUSG00000040697	Dnajc16
ENSMUSG00000040616	Tmem51
ENSMUSG00000046862	Pramef8
ENSMUSG00000066009	Zfp987
ENSMUSG00000044496	2510039O18Rik
ENSMUSG00000055401	Fbxo6
ENSMUSG00000028975	Pex14
ENSMUSG00000028996	Rbp7
ENSMUSG00000028990	Lzic
ENSMUSG00000028964	Park7
ENSMUSG00000028952	Zbtb48
ENSMUSG00000047613	A430005L14Rik
ENSMUSG00000029027	Dffb
ENSMUSG00000029028	Lrrc47
ENSMUSG00000029038	Ssu72
ENSMUSG00000065990	Aurkaip1
ENSMUSG00000029070	Mxra8
ENSMUSG00000058503	Fam133b
ENSMUSG00000040302	Rbm48
ENSMUSG00000028926	Cdk14
ENSMUSG00000015653	Steap2
ENSMUSG00000003161	Sri
ENSMUSG00000002297	Dbf4
ENSMUSG00000003623	Crot
ENSMUSG00000101013	A630072M18Rik
ENSMUSG00000029004	Kmt2e
ENSMUSG00000057541	Pus7
ENSMUSG00000028999	Rint1
ENSMUSG00000097180	2700038G22Rik
ENSMUSG00000028995	Fam126a
ENSMUSG00000028986	Klhl7
ENSMUSG00000048439	Nupl2
ENSMUSG00000038319	Kcnh2
ENSMUSG00000038295	Atg9b
ENSMUSG00000038181	Chpf2
ENSMUSG00000055235	Wdr86
ENSMUSG00000038135	Crygn
ENSMUSG00000028944	Prkag2
ENSMUSG00000028933	Xrcc2
ENSMUSG00000010721	Lmbr1
ENSMUSG00000075703	Selenoi
ENSMUSG00000038803	Ost4
ENSMUSG00000045302	Preb
ENSMUSG00000062077	Trim54
ENSMUSG00000029141	Slc4a1ap
ENSMUSG00000106918	Mrpl33
ENSMUSG00000014956	Ppp1cb
ENSMUSG00000023452	Pisd
ENSMUSG00000037355	Uvssa
ENSMUSG00000019295	Tmem129
ENSMUSG00000037210	Fam193a
ENSMUSG00000029103	Lrpap1
ENSMUSG00000029098	Acox3
ENSMUSG00000029093	Sorcs2
ENSMUSG00000050248	Evc2
ENSMUSG00000029126	Nsg1
ENSMUSG00000051022	Hs3st1
ENSMUSG00000039782	Cpeb2
ENSMUSG00000039765	Cc2d2a
ENSMUSG00000015880	Ncapg
ENSMUSG00000029089	5730480H06Rik
ENSMUSG00000037999	Arap2
ENSMUSG00000029171	Pgm1
ENSMUSG00000037890	Wdr19
ENSMUSG00000029201	Ugdh
ENSMUSG00000070780	Rbm47
ENSMUSG00000029211	Gabra4
ENSMUSG00000029228	Lnx1
ENSMUSG00000029231	Pdgfra
ENSMUSG00000005672	Kit
ENSMUSG00000029234	Tmem165
ENSMUSG00000098449	Gm7467
ENSMUSG00000036403	Cep135
ENSMUSG00000029249	Rest
ENSMUSG00000036285	Noa1
ENSMUSG00000037605	Adgrl3
ENSMUSG00000070697	Utp3
ENSMUSG00000055204	Ankrd17
ENSMUSG00000034981	Parm1
ENSMUSG00000029410	Ppef2
ENSMUSG00000029426	Scarb2
ENSMUSG00000029381	Shroom3
ENSMUSG00000055725	Paqr3
ENSMUSG00000029326	Enoph1
ENSMUSG00000035266	Helq
ENSMUSG00000043940	Wdfy3
ENSMUSG00000029312	Klhl8
ENSMUSG00000097392	D930016D06Rik
ENSMUSG00000070639	Lrrc8b
ENSMUSG00000033467	Crlf2
ENSMUSG00000090015	Gm15446
ENSMUSG00000066613	Zfp932
ENSMUSG00000090963	Gm17655
ENSMUSG00000043323	Fbrsl1
ENSMUSG00000029504	Ddx51
ENSMUSG00000070576	Mn1
ENSMUSG00000029352	Crybb3
ENSMUSG00000004530	Coro1c
ENSMUSG00000029592	Usp30
ENSMUSG00000001098	Kctd10
ENSMUSG00000029575	Mmab
ENSMUSG00000041870	Ankrd13a
ENSMUSG00000029550	Sppl3
ENSMUSG00000048578	Mlec
ENSMUSG00000054256	Msi1
ENSMUSG00000029363	Rfc5
ENSMUSG00000029594	Rbm19
ENSMUSG00000029595	Lhx5
ENSMUSG00000029599	Ddx54
ENSMUSG00000042726	Trafd1
ENSMUSG00000044134	Fam109a
ENSMUSG00000013936	Myl2
ENSMUSG00000004455	Ppp1cc
ENSMUSG00000038593	Tctn1
ENSMUSG00000029462	Vps29
ENSMUSG00000029470	P2rx4
ENSMUSG00000029471	Camkk2
ENSMUSG00000029472	Anapc5
ENSMUSG00000023106	Denr
ENSMUSG00000023707	Ogfod2
ENSMUSG00000038126	Mphosph9
ENSMUSG00000038095	Sbno1
ENSMUSG00000049327	Kmt5a
ENSMUSG00000029402	Snrnp35
ENSMUSG00000049971	Glt1d1
ENSMUSG00000072591	5930412G12Rik
ENSMUSG00000029430	Ran
ENSMUSG00000025537	Phkg1
ENSMUSG00000025340	Rabgef1
ENSMUSG00000025337	Sbds
ENSMUSG00000070473	Cldn3
ENSMUSG00000040532	Abhd11
ENSMUSG00000061118	Dnajc30
ENSMUSG00000029681	Bcl7b
ENSMUSG00000053293	Pom121
ENSMUSG00000039886	Tmem120a
ENSMUSG00000006143	Upk3bl
ENSMUSG00000004415	Col26a1
ENSMUSG00000043279	Trim56
ENSMUSG00000051502	Ufsp1
ENSMUSG00000029714	Gigyf1
ENSMUSG00000029713	Gnb2
ENSMUSG00000029723	Tsc22d4
ENSMUSG00000066682	Pilrb2
ENSMUSG00000036948	BC037034
ENSMUSG00000025854	Fam20c
ENSMUSG00000025857	Dnaaf5
ENSMUSG00000053553	3110082I17Rik
ENSMUSG00000036718	Micall2
ENSMUSG00000018143	Mafk
ENSMUSG00000029554	Mad1l1
ENSMUSG00000036639	Nudt1
ENSMUSG00000066640	Fbxl18
ENSMUSG00000029587	Zfp12
ENSMUSG00000039244	E130309D02Rik
ENSMUSG00000001847	Rac1
ENSMUSG00000029610	Aimp2
ENSMUSG00000038859	Baiap2l1
ENSMUSG00000055991	Zkscan5
ENSMUSG00000029647	Pan3
ENSMUSG00000029650	Slc46a3
ENSMUSG00000033970	Rfc3
ENSMUSG00000015189	Casd1
ENSMUSG00000042607	Asb4
ENSMUSG00000029752	Asns
ENSMUSG00000029629	Phf14
ENSMUSG00000029571	Tmem106b
ENSMUSG00000097616	1110019D14Rik
ENSMUSG00000041390	Mdfic
ENSMUSG00000029552	Tes
ENSMUSG00000010796	Asz1
ENSMUSG00000029670	Ing3
ENSMUSG00000068748	Ptprz1
ENSMUSG00000023089	Ndufa5
ENSMUSG00000020440	Arf5
ENSMUSG00000079654	Prrt4
ENSMUSG00000039159	Ube2h
ENSMUSG00000029775	Klhdc10
ENSMUSG00000025607	Copg2
ENSMUSG00000025609	Mkln1
ENSMUSG00000025608	Podxl
ENSMUSG00000038836	Agbl3
ENSMUSG00000057137	Tmem140
ENSMUSG00000073155	1810058I24Rik
ENSMUSG00000029843	Slc13a4
ENSMUSG00000047749	Zc3hav1l
ENSMUSG00000029826	Zc3hav1
ENSMUSG00000038538	Ubn2
ENSMUSG00000029823	Luc7l2
ENSMUSG00000029923	Rab19
ENSMUSG00000002413	Braf
ENSMUSG00000029918	Mrps33
ENSMUSG00000037172	E330009J07Rik
ENSMUSG00000029869	Ephb6
ENSMUSG00000029861	Fam131b
ENSMUSG00000033542	Arhgef5
ENSMUSG00000025821	Zfp282
ENSMUSG00000039347	Atp6v0e2
ENSMUSG00000051124	Gimap9
ENSMUSG00000029810	Tmem176b
ENSMUSG00000108084	Gm7932
ENSMUSG00000029817	Tra2a
ENSMUSG00000029836	Cbx3
ENSMUSG00000056468	5730596B20Rik
ENSMUSG00000038253	Hoxa5
ENSMUSG00000038227	Hoxa9
ENSMUSG00000004633	Chn2
ENSMUSG00000086040	Wipf3
ENSMUSG00000038074	Fkbp14
ENSMUSG00000005225	Plekha8
ENSMUSG00000029787	Avl9
ENSMUSG00000029780	Nt5c3
ENSMUSG00000037826	Ppm1k
ENSMUSG00000043162	Pyurf
ENSMUSG00000053604	Rpia
ENSMUSG00000053012	Krcc1
ENSMUSG00000056091	St3gal5
ENSMUSG00000055912	Tmem150a
ENSMUSG00000053907	Mat2a
ENSMUSG00000052738	Suclg1
ENSMUSG00000030045	Mrpl19
ENSMUSG00000034930	Rtkn
ENSMUSG00000043131	Mob1a
ENSMUSG00000034832	Tet3
ENSMUSG00000059430	Actg2
ENSMUSG00000006906	Stambp
ENSMUSG00000014748	Tex261
ENSMUSG00000033788	Dysf
ENSMUSG00000030004	Nat8
ENSMUSG00000030000	Add2
ENSMUSG00000030051	Aplf
ENSMUSG00000030056	Isy1
ENSMUSG00000030062	Rpn1
ENSMUSG00000030086	Chchd6
ENSMUSG00000034430	Zxdc
ENSMUSG00000064080	Fbln2
ENSMUSG00000100680	1810044D09Rik
ENSMUSG00000034037	Fgd5
ENSMUSG00000005892	Trh
ENSMUSG00000045100	Slc25a26
ENSMUSG00000030061	Uba3
ENSMUSG00000030067	Foxp1
ENSMUSG00000035357	Pdzrn3
ENSMUSG00000030102	Itpr1
ENSMUSG00000030254	Rad18
ENSMUSG00000030257	Srgap3
ENSMUSG00000048930	Tada3
ENSMUSG00000079426	Arpc4
ENSMUSG00000030286	Emc3
ENSMUSG00000060477	Irak2
ENSMUSG00000030298	Sec13
ENSMUSG00000057841	Rpl32
ENSMUSG00000059878	Zfp422
ENSMUSG00000007827	Ankrd26
ENSMUSG00000030019	Fbxl14
ENSMUSG00000004446	Bid
ENSMUSG00000030107	Usp18
ENSMUSG00000030108	Slc6a13
ENSMUSG00000040669	Phc1
ENSMUSG00000046323	Dppa3
ENSMUSG00000004268	Emg1
ENSMUSG00000023456	Tpi1
ENSMUSG00000030341	Tnfrsf1a
ENSMUSG00000045534	Kcna5
ENSMUSG00000048668	Rhno1
ENSMUSG00000001518	Itfg2
ENSMUSG00000030189	Ybx3
ENSMUSG00000030203	Dusp16
ENSMUSG00000100876	2810454H06Rik
ENSMUSG00000098318	Lockd
ENSMUSG00000040370	Etfrf1
ENSMUSG00000040250	Ints13
ENSMUSG00000040029	Ipo8
ENSMUSG00000068250	Amn1
ENSMUSG00000032712	2810474O19Rik
ENSMUSG00000096299	Gm21814
ENSMUSG00000043432	Leng9
ENSMUSG00000045282	Tmem86b
ENSMUSG00000035390	Brsk1
ENSMUSG00000052605	Isoc2b
ENSMUSG00000030443	Zfp583
ENSMUSG00000002265	Peg3
ENSMUSG00000070822	Zscan18
ENSMUSG00000054715	Zscan22
ENSMUSG00000033967	Rnf225
ENSMUSG00000005566	Trim28
ENSMUSG00000041560	Nop53
ENSMUSG00000006019	Dhx34
ENSMUSG00000091811	Inafm1
ENSMUSG00000058230	Arhgap35
ENSMUSG00000078794	Dact3
ENSMUSG00000003099	Ppp5c
ENSMUSG00000030409	Dmpk
ENSMUSG00000003545	Fosb
ENSMUSG00000040714	Klc3
ENSMUSG00000002043	Trappc6a
ENSMUSG00000011267	Zfp296
ENSMUSG00000002984	Tomm40
ENSMUSG00000053175	Bcl3
ENSMUSG00000087598	Zfp111
ENSMUSG00000064264	Zfp428
ENSMUSG00000051768	Xrcc1
ENSMUSG00000045252	Zfp574
ENSMUSG00000005447	Pafah1b3
ENSMUSG00000058741	Prr19
ENSMUSG00000060376	Bckdha
ENSMUSG00000002603	Tgfb1
ENSMUSG00000040703	Cyp2s1
ENSMUSG00000053291	Rab4b
ENSMUSG00000061479	Snrpa
ENSMUSG00000003752	Itpkc
ENSMUSG00000040488	Ltbp4
ENSMUSG00000040390	Map3k10
ENSMUSG00000037640	Zfp60
ENSMUSG00000046865	Fbl
ENSMUSG00000046750	Selenov
ENSMUSG00000037563	Rps16
ENSMUSG00000037552	Plekhg2
ENSMUSG00000030600	Lrfn1
ENSMUSG00000045948	Mrps12
ENSMUSG00000015149	Sirt2
ENSMUSG00000037337	Map4k1
ENSMUSG00000046410	Kcnk6
ENSMUSG00000046185	Zfp84
ENSMUSG00000006651	Aplp1
ENSMUSG00000057092	Fxyd3
ENSMUSG00000001248	Gramd1a
ENSMUSG00000036459	Wtip
ENSMUSG00000085105	Gm12758
ENSMUSG00000066571	4931406P16Rik
ENSMUSG00000056216	Cebpg
ENSMUSG00000043671	Dpy19l3
ENSMUSG00000039257	Vstm2b
ENSMUSG00000069727	Zfp975
ENSMUSG00000038782	1700028J19Rik
ENSMUSG00000062785	Kcnc3
ENSMUSG00000030739	Myh14
ENSMUSG00000109511	Nup62
ENSMUSG00000038406	Scaf1
ENSMUSG00000046574	Prr12
ENSMUSG00000074121	Ntf5
ENSMUSG00000003868	Ruvbl2
ENSMUSG00000003865	Gys1
ENSMUSG00000040435	Ppp1r15a
ENSMUSG00000110357	A030001D20Rik
ENSMUSG00000059824	Dbp
ENSMUSG00000054161	Fam83e
ENSMUSG00000030839	Sergef
ENSMUSG00000010307	Tmem86a
ENSMUSG00000039745	Htatip2
ENSMUSG00000030452	Nipa2
ENSMUSG00000030516	Tjp1
ENSMUSG00000015133	Lrrk1
ENSMUSG00000030556	Lrrc28
ENSMUSG00000005533	Igf1r
ENSMUSG00000030551	Nr2f2
ENSMUSG00000070509	Rgma
ENSMUSG00000078671	Chd2
ENSMUSG00000025789	St8sia2
ENSMUSG00000055652	Klhl25
ENSMUSG00000052629	Gm9885
ENSMUSG00000030605	Mfge8
ENSMUSG00000063801	Ap3s2
ENSMUSG00000039043	Arpin
ENSMUSG00000030539	Sema4b
ENSMUSG00000038930	Rccd1
ENSMUSG00000038943	Prc1
ENSMUSG00000030530	Furin
ENSMUSG00000038623	Tm6sf1
ENSMUSG00000038570	Saxo2
ENSMUSG00000057706	Mex3b
ENSMUSG00000070462	Mesdc1
ENSMUSG00000030629	Zfand6
ENSMUSG00000051451	Crebzf
ENSMUSG00000030615	Tmem126a
ENSMUSG00000041343	Ankrd42
ENSMUSG00000018995	Nars2
ENSMUSG00000035713	Usp35
ENSMUSG00000055407	Map6
ENSMUSG00000030744	Rps3
ENSMUSG00000058761	Rnf169
ENSMUSG00000047248	C2cd3
ENSMUSG00000066306	Numa1
ENSMUSG00000070424	Art5
ENSMUSG00000063550	Nup98
ENSMUSG00000073968	Trim68
ENSMUSG00000037060	Prkcdbp
ENSMUSG00000037049	Smpd1
ENSMUSG00000037032	Apbb1
ENSMUSG00000031028	Tub
ENSMUSG00000031024	St5
ENSMUSG00000031016	Wee1
ENSMUSG00000030790	Adm
ENSMUSG00000030659	Nucb2
ENSMUSG00000008734	Gprc5b
ENSMUSG00000030924	2610020H08Rik
ENSMUSG00000063317	Usp31
ENSMUSG00000034951	Cog7
ENSMUSG00000030870	Ubfd1
ENSMUSG00000030869	Ndufab1
ENSMUSG00000044702	Palb2
ENSMUSG00000032777	Gtf3c1
ENSMUSG00000030741	Spns1
ENSMUSG00000073838	Tufm
ENSMUSG00000030720	Cln3
ENSMUSG00000030714	Sgf29
ENSMUSG00000059772	Slx1b
ENSMUSG00000047721	Bola2
ENSMUSG00000030707	Coro1a
ENSMUSG00000030699	Tbx6
ENSMUSG00000030695	Aldoa
ENSMUSG00000030685	Kctd13
ENSMUSG00000030680	Pagr1a
ENSMUSG00000030678	Maz
ENSMUSG00000049091	Sephs2
ENSMUSG00000045251	Zfp688
ENSMUSG00000108483	Gm45184
ENSMUSG00000030822	Prr14
ENSMUSG00000053877	Srcap
ENSMUSG00000043964	Orai3
ENSMUSG00000030801	Kat8
ENSMUSG00000030793	Pycard
ENSMUSG00000030844	Rgs10
ENSMUSG00000030846	Tial1
ENSMUSG00000055319	Sec23ip
ENSMUSG00000030861	Acadsb
ENSMUSG00000030967	Zranb1
ENSMUSG00000030979	Uros
ENSMUSG00000030983	Bccip
ENSMUSG00000041836	Ptpre
ENSMUSG00000040139	9430038I01Rik
ENSMUSG00000031068	Glrx3
ENSMUSG00000091002	Tcerg1l
ENSMUSG00000025478	Dpysl4
ENSMUSG00000015980	Lrrc27
ENSMUSG00000060260	Pwwp2b
ENSMUSG00000025477	Inpp5a
ENSMUSG00000025474	Tubgcp2
ENSMUSG00000025466	Fuom
ENSMUSG00000025481	Urah
ENSMUSG00000025491	Ifitm1
ENSMUSG00000058886	Deaf1
ENSMUSG00000025503	Taldo1
ENSMUSG00000051007	Pddc1
ENSMUSG00000061723	Tnnt3
ENSMUSG00000048583	Igf2
ENSMUSG00000037706	Cd81
ENSMUSG00000037664	Cdkn1c
ENSMUSG00000000154	Slc22a18
ENSMUSG00000010760	Phlda2
ENSMUSG00000031090	Nadsyn1
ENSMUSG00000031078	Cttn
ENSMUSG00000096999	Gm26793
ENSMUSG00000031072	Oraov1
ENSMUSG00000070348	Ccnd1
ENSMUSG00000040653	Ppp1r14c
ENSMUSG00000061759	Armt1
ENSMUSG00000019773	Fbxo5
ENSMUSG00000019795	Pcmt1
ENSMUSG00000040034	Nup43
ENSMUSG00000015755	Tab2
ENSMUSG00000019809	Pex3
ENSMUSG00000019992	Mtfr2
ENSMUSG00000078452	Raet1d
ENSMUSG00000061983	Rps12
ENSMUSG00000037440	Vnn1
ENSMUSG00000019984	Med23
ENSMUSG00000039031	Arhgap18
ENSMUSG00000038876	Rnf146
ENSMUSG00000039697	Ncoa7
ENSMUSG00000039485	Tspyl4
ENSMUSG00000019843	Fyn
ENSMUSG00000019838	Slc16a10
ENSMUSG00000038240	Pdss2
ENSMUSG00000038160	Atg5
ENSMUSG00000038774	Ascc3
ENSMUSG00000019861	Gopc
ENSMUSG00000023068	Nus1
ENSMUSG00000019877	Serinc1
ENSMUSG00000019872	Smpdl3a
ENSMUSG00000019917	Sept10
ENSMUSG00000098188	Sowahc
ENSMUSG00000019916	P4ha1
ENSMUSG00000069622	Gm10273
ENSMUSG00000020111	Micu1
ENSMUSG00000020109	Dnajb12
ENSMUSG00000020098	Pcbd1
ENSMUSG00000020086	H2afy2
ENSMUSG00000020079	Supv3l1
ENSMUSG00000020078	Vps26a
ENSMUSG00000020075	Ddx21
ENSMUSG00000020076	Ddx50
ENSMUSG00000020074	Ccar1
ENSMUSG00000047146	Tet1
ENSMUSG00000014329	Bicc1
ENSMUSG00000019923	Zwint
ENSMUSG00000009681	Bcr
ENSMUSG00000033416	Gucd1
ENSMUSG00000033427	Upb1
ENSMUSG00000006345	Ggt1
ENSMUSG00000020196	Cabin1
ENSMUSG00000049764	Zfp280b
ENSMUSG00000020277	Pfkl
ENSMUSG00000053329	D10Jhu81e
ENSMUSG00000032763	Ilvbl
ENSMUSG00000023175	Bsg
ENSMUSG00000035781	R3hdm4
ENSMUSG00000013858	Tmem259
ENSMUSG00000035722	Abca7
ENSMUSG00000035697	Arhgap45
ENSMUSG00000003072	Atp5d
ENSMUSG00000020190	Mknk2
ENSMUSG00000003348	Mob3a
ENSMUSG00000004929	Thop1
ENSMUSG00000034902	Pip5k1c
ENSMUSG00000020235	Fzr1
ENSMUSG00000085327	Gm16104
ENSMUSG00000034781	Gna11
ENSMUSG00000034758	Tle6
ENSMUSG00000034560	Washc4
ENSMUSG00000020263	Appl2
ENSMUSG00000035620	Ric8b
ENSMUSG00000004356	Utp20
ENSMUSG00000074802	Gas2l3
ENSMUSG00000069539	Scyl2
ENSMUSG00000019961	Tmpo
ENSMUSG00000020018	Snrpf
ENSMUSG00000036099	Vezt
ENSMUSG00000020024	Cep83
ENSMUSG00000036478	Btg1
ENSMUSG00000019960	Dusp6
ENSMUSG00000019971	Cep290
ENSMUSG00000019894	Slc6a15
ENSMUSG00000074748	Atxn7l3b
ENSMUSG00000020166	Cnot2
ENSMUSG00000034057	Myrfl
ENSMUSG00000020212	Mdm1
ENSMUSG00000034813	Grip1
ENSMUSG00000020225	Tmbim4
ENSMUSG00000048661	Lemd3
ENSMUSG00000025795	Rassf3
ENSMUSG00000034602	Mon2
ENSMUSG00000020124	Usp15
ENSMUSG00000040502	March9
ENSMUSG00000074657	Kif5a
ENSMUSG00000040354	Mars
ENSMUSG00000040345	Arhgap9
ENSMUSG00000025403	Shmt2
ENSMUSG00000025402	Nab2
ENSMUSG00000061315	Naca
ENSMUSG00000071072	Ptges3
ENSMUSG00000097526	Gm26847
ENSMUSG00000025373	Rnf41
ENSMUSG00000090841	Myl6
ENSMUSG00000093674	Rpl41
ENSMUSG00000090247	Bloc1s1
ENSMUSG00000004568	Arhgef18
ENSMUSG00000004567	Mcoln1
ENSMUSG00000065952	C330021F23Rik
ENSMUSG00000048644	Ctxn1
ENSMUSG00000002949	Timm44
ENSMUSG00000008206	Cers4
ENSMUSG00000022322	Shcbp1
ENSMUSG00000031441	Atp11a
ENSMUSG00000038497	Tmco3
ENSMUSG00000038482	Tfdp1
ENSMUSG00000031451	Gas6
ENSMUSG00000047710	Champ1
ENSMUSG00000050052	Tdrp
ENSMUSG00000031533	Mrps31
ENSMUSG00000037656	Slc20a2
ENSMUSG00000031539	Ap3m2
ENSMUSG00000031545	Gpat4
ENSMUSG00000031548	Sfrp1
ENSMUSG00000031557	Plekha2
ENSMUSG00000037363	Letm2
ENSMUSG00000031570	Plpp5
ENSMUSG00000037251	Pomk
ENSMUSG00000037234	Hook3
ENSMUSG00000031485	Prosc
ENSMUSG00000031586	Rbpms
ENSMUSG00000097442	Gm26632
ENSMUSG00000031516	Dctn6
ENSMUSG00000070056	Mfhas1
ENSMUSG00000031590	Frg1
ENSMUSG00000051176	Zfp42
ENSMUSG00000070044	Fam149a
ENSMUSG00000038193	Hand2
ENSMUSG00000031608	Galnt7
ENSMUSG00000079042	Apela
ENSMUSG00000015568	Lpl
ENSMUSG00000092260	Zfp963
ENSMUSG00000043090	Zfp866
ENSMUSG00000048967	Yjefn3
ENSMUSG00000002345	Borcs8
ENSMUSG00000055707	Klhl26
ENSMUSG00000100691	2010320M18Rik
ENSMUSG00000002910	Arrdc2
ENSMUSG00000002395	Use1
ENSMUSG00000046295	Ankle1
ENSMUSG00000034845	Plvap
ENSMUSG00000031807	Pgls
ENSMUSG00000070000	Fcho1
ENSMUSG00000066880	Zfp617
ENSMUSG00000070713	Gm10282
ENSMUSG00000044600	Smim7
ENSMUSG00000031622	Sin3b
ENSMUSG00000005410	Mcm5
ENSMUSG00000097882	0610038B21Rik
ENSMUSG00000037134	Prmt9
ENSMUSG00000031684	Slc10a7
ENSMUSG00000063253	Scoc
ENSMUSG00000013033	Adgrl1
ENSMUSG00000059355	Wdr83os
ENSMUSG00000031696	Vps35
ENSMUSG00000031698	Mylk3
ENSMUSG00000031700	Gpt2
ENSMUSG00000031661	Nkd1
ENSMUSG00000031737	Irx5
ENSMUSG00000034361	Cpne2
ENSMUSG00000031776	Arl2bp
ENSMUSG00000031673	Cdh11
ENSMUSG00000048371	Pdp2
ENSMUSG00000014837	4931428F04Rik
ENSMUSG00000043251	Exoc3l
ENSMUSG00000014856	Tmem208
ENSMUSG00000005699	Pard6a
ENSMUSG00000013155	Enkd1
ENSMUSG00000037415	Ranbp10
ENSMUSG00000036672	Cenpt
ENSMUSG00000045538	Ddx28
ENSMUSG00000031902	Nfatc3
ENSMUSG00000031903	Pla2g15
ENSMUSG00000060019	Gm10073
ENSMUSG00000041438	Utp4
ENSMUSG00000031919	Tmed6
ENSMUSG00000003847	Nfat5
ENSMUSG00000003848	Nob1
ENSMUSG00000031930	Wwp2
ENSMUSG00000031723	Txnl4b
ENSMUSG00000031730	Dhodh
ENSMUSG00000031729	Ist1
ENSMUSG00000010936	Vac14
ENSMUSG00000033732	Sf3b3
ENSMUSG00000033658	Ddx19b
ENSMUSG00000031950	Gabarapl2
ENSMUSG00000092086	Gm6793
ENSMUSG00000031758	Cdyl2
ENSMUSG00000052557	Gan
ENSMUSG00000034189	Hsdl1
ENSMUSG00000031823	Zdhhc7
ENSMUSG00000031821	Gins2
ENSMUSG00000031818	Cox4i1
ENSMUSG00000040263	Klhdc4
ENSMUSG00000017478	Zc3h18
ENSMUSG00000006362	Cbfa2t3
ENSMUSG00000000739	Sult5a1
ENSMUSG00000000743	Chmp1a
ENSMUSG00000062380	Tubb3
ENSMUSG00000019478	Rab4a
ENSMUSG00000039509	Nup133
ENSMUSG00000031974	Abcb10
ENSMUSG00000050751	Pgbd5
ENSMUSG00000031984	2810004N23Rik
ENSMUSG00000031985	Gnpat
ENSMUSG00000043051	Disc1
ENSMUSG00000025810	Nrp1
ENSMUSG00000094634	Gm3468
ENSMUSG00000092167	Gm3696
ENSMUSG00000025278	Flnb
ENSMUSG00000021752	Kctd6
ENSMUSG00000068758	Il3ra
ENSMUSG00000021775	Nr1d2
ENSMUSG00000058317	Ube2e2
ENSMUSG00000021816	Ppp3cb
ENSMUSG00000099966	2810402E24Rik
ENSMUSG00000021870	Slmap
ENSMUSG00000021918	Nek4
ENSMUSG00000021902	Phf7
ENSMUSG00000021891	Mettl6
ENSMUSG00000014496	Ankrd28
ENSMUSG00000021936	Mapk8
ENSMUSG00000041471	Fam35a
ENSMUSG00000058690	Ccser2
ENSMUSG00000021832	Psmc6
ENSMUSG00000053205	Styx
ENSMUSG00000086746	Gm15222
ENSMUSG00000037544	Dlgap5
ENSMUSG00000004558	Ndrg2
ENSMUSG00000035726	Supt16
ENSMUSG00000049532	Sall2
ENSMUSG00000040997	Abhd4
ENSMUSG00000022175	Lrp10
ENSMUSG00000022176	Rem2
ENSMUSG00000023110	Prmt5
ENSMUSG00000022178	Ajuba
ENSMUSG00000022193	Psmb5
ENSMUSG00000022180	Slc7a8
ENSMUSG00000002332	Dhrs1
ENSMUSG00000047153	Khnyn
ENSMUSG00000064128	Cenpj
ENSMUSG00000079184	Mphosph8
ENSMUSG00000040123	Zmym5
ENSMUSG00000100017	2410022M11Rik
ENSMUSG00000021951	Eef1akmt1
ENSMUSG00000021959	Lats2
ENSMUSG00000021981	Cab39l
ENSMUSG00000021983	Atp8a2
ENSMUSG00000035235	Trim13
ENSMUSG00000048281	Dleu7
ENSMUSG00000021932	Rnaseh2b
ENSMUSG00000035184	Fam124a
ENSMUSG00000014547	Wdfy2
ENSMUSG00000021958	Pinx1
ENSMUSG00000034522	Zfp395
ENSMUSG00000022034	Esco2
ENSMUSG00000022044	Stmn4
ENSMUSG00000022051	Bnip3l
ENSMUSG00000022054	Nefm
ENSMUSG00000022100	Xpo7
ENSMUSG00000022102	Dok2
ENSMUSG00000033405	Nudt15
ENSMUSG00000021996	Esd
ENSMUSG00000085829	Gm4285
ENSMUSG00000067995	Gtf2f2
ENSMUSG00000022070	Bora
ENSMUSG00000022064	Pibf1
ENSMUSG00000060143	Gm10076
ENSMUSG00000058571	Gpc6
ENSMUSG00000022130	Tgds
ENSMUSG00000030662	Ipo5
ENSMUSG00000025893	Kbtbd3
ENSMUSG00000041124	Msantd4
ENSMUSG00000032006	Pdgfd
ENSMUSG00000032002	Dcun1d5
ENSMUSG00000032000	Birc3
ENSMUSG00000050730	Arhgap42
ENSMUSG00000031925	Maml2
ENSMUSG00000031922	Cep57
ENSMUSG00000037419	Endod1
ENSMUSG00000031934	Panx1
ENSMUSG00000031935	Med17
ENSMUSG00000031938	4931406C07Rik
ENSMUSG00000045519	Zfp560
ENSMUSG00000060510	Zfp266
ENSMUSG00000066892	Fbxl12
ENSMUSG00000070319	Eif3g
ENSMUSG00000032178	Ilf3
ENSMUSG00000002825	Qtrt1
ENSMUSG00000033335	Dnm2
ENSMUSG00000032185	Carm1
ENSMUSG00000040563	Plppr2
ENSMUSG00000039632	Ccdc151
ENSMUSG00000003410	Elavl3
ENSMUSG00000038895	Zfp653
ENSMUSG00000043067	Dpy19l1
ENSMUSG00000031995	St14
ENSMUSG00000032040	Dcps
ENSMUSG00000039048	Foxred1
ENSMUSG00000011114	Tbrg1
ENSMUSG00000032024	Clmp
ENSMUSG00000015656	Hspa8
ENSMUSG00000049313	Sorl1
ENSMUSG00000032018	Sc5d
ENSMUSG00000059495	Arhgef12
ENSMUSG00000032115	Hyou1
ENSMUSG00000043923	Ccdc84
ENSMUSG00000032097	Ddx6
ENSMUSG00000048534	Jaml
ENSMUSG00000059412	Fxyd2
ENSMUSG00000034908	Sidt2
ENSMUSG00000034135	Sik3
ENSMUSG00000032080	Apoa4
ENSMUSG00000032079	Apoa5
ENSMUSG00000058443	Rpl10-ps3
ENSMUSG00000039016	Timm8b
ENSMUSG00000032064	Dixdc1
ENSMUSG00000032062	2310030G06Rik
ENSMUSG00000037112	Sik2
ENSMUSG00000032051	Fdx1
ENSMUSG00000034218	Atm
ENSMUSG00000032047	Acat1
ENSMUSG00000042195	Slc35f2
ENSMUSG00000032309	Fbxo22
ENSMUSG00000032313	Tmem266
ENSMUSG00000032329	Hmg20a
ENSMUSG00000032290	Ptpn9
ENSMUSG00000063849	Ppcdc
ENSMUSG00000040188	Scamp2
ENSMUSG00000004661	Arid3b
ENSMUSG00000032327	Stra6
ENSMUSG00000036986	Pml
ENSMUSG00000032336	Nptn
ENSMUSG00000074259	Gramd2
ENSMUSG00000007892	Rplp1
ENSMUSG00000032254	Kif23
ENSMUSG00000033629	Hacd3
ENSMUSG00000032816	Igdcc4
ENSMUSG00000059183	Mtfmt
ENSMUSG00000032388	Spg21
ENSMUSG00000053040	Aph1c
ENSMUSG00000035284	Vps13c
ENSMUSG00000032238	Rora
ENSMUSG00000032217	Rnf111
ENSMUSG00000032228	Tcf12
ENSMUSG00000038535	Zfp280d
ENSMUSG00000092192	Dyx1c1
ENSMUSG00000033590	Myo5c
ENSMUSG00000032192	Gnb5
ENSMUSG00000032184	Lysmd2
ENSMUSG00000032348	Gsta4
ENSMUSG00000060461	Dppa5a
ENSMUSG00000047897	Ripply2
ENSMUSG00000032423	Syncrip
ENSMUSG00000032425	Zfp949
ENSMUSG00000079427	Mthfsl
ENSMUSG00000066442	Mthfs
ENSMUSG00000056267	Cep70
ENSMUSG00000032475	Nck1
ENSMUSG00000032537	Ephb1
ENSMUSG00000032803	Cdv3
ENSMUSG00000032560	Dnajc13
ENSMUSG00000032565	Nudt16
ENSMUSG00000032567	Aste1
ENSMUSG00000020257	Wdr82
ENSMUSG00000023345	Poc1a
ENSMUSG00000023495	Pcbp4
ENSMUSG00000023249	Parp3
ENSMUSG00000040325	Vprbp
ENSMUSG00000010044	Zmynd10
ENSMUSG00000032583	Mon1a
ENSMUSG00000032594	Ip6k1
ENSMUSG00000066357	Wdr6
ENSMUSG00000032599	Ip6k2
ENSMUSG00000091537	Tma7
ENSMUSG00000032480	Dhx30
ENSMUSG00000032494	Tdgf1
ENSMUSG00000032495	Lrrc2
ENSMUSG00000032440	Tgfbr2
ENSMUSG00000039607	Rbms3
ENSMUSG00000035769	Xylb
ENSMUSG00000061393	Acvr2b
ENSMUSG00000041608	Entpd3
ENSMUSG00000025794	Rpl14
ENSMUSG00000052658	5830454E08Rik
ENSMUSG00000032526	Ss18l2
ENSMUSG00000013419	Zfp651
ENSMUSG00000043773	1700048O20Rik
ENSMUSG00000038145	Snrk
ENSMUSG00000066233	Tmem42
ENSMUSG00000035498	Cdcp1
ENSMUSG00000054871	Tmem158
ENSMUSG00000025240	Sacm1l
ENSMUSG00000023764	Sfi1
ENSMUSG00000020457	Drg1
ENSMUSG00000003585	Sec14l2
ENSMUSG00000003581	Rnf215
ENSMUSG00000009076	Zmat5
ENSMUSG00000034285	Nipsnap1
ENSMUSG00000009090	Ap1b1
ENSMUSG00000034175	Rhbdd3
ENSMUSG00000041798	Gck
ENSMUSG00000002741	Ykt6
ENSMUSG00000053838	Nudcd3
ENSMUSG00000000378	Ccm2
ENSMUSG00000020422	Tns3
ENSMUSG00000020116	Pno1
ENSMUSG00000020134	Peli1
ENSMUSG00000020128	Vps54
ENSMUSG00000020321	Mdh1
ENSMUSG00000005917	Otx1
ENSMUSG00000044068	Zrsr1
ENSMUSG00000020283	Pex13
ENSMUSG00000020273	Papolg
ENSMUSG00000020463	Ppp4r3b
ENSMUSG00000060923	Acyp2
ENSMUSG00000020309	Chac2
ENSMUSG00000069910	Spdl1
ENSMUSG00000018846	Pank3
ENSMUSG00000020330	Hmmr
ENSMUSG00000020326	Ccng1
ENSMUSG00000020415	Pttg1
ENSMUSG00000045877	4933415A04Rik
ENSMUSG00000011256	Adam19
ENSMUSG00000020372	Rack1
ENSMUSG00000040365	Trim41
ENSMUSG00000036620	Mgat4b
ENSMUSG00000097887	Gm26542
ENSMUSG00000007850	Hnrnph1
ENSMUSG00000044807	Zfp354c
ENSMUSG00000000617	Grm6
ENSMUSG00000049321	Zfp2
ENSMUSG00000020359	Phykpl
ENSMUSG00000020392	Cdkn2aipnl
ENSMUSG00000020361	Hspa4
ENSMUSG00000018398	Sept8
ENSMUSG00000020380	Rad50
ENSMUSG00000037533	Rapgef6
ENSMUSG00000069873	4930438A08Rik
ENSMUSG00000037243	Zfp692
ENSMUSG00000056895	Hist3h2ba
ENSMUSG00000009900	Wnt3a
ENSMUSG00000009894	Snap47
ENSMUSG00000054519	Zfp867
ENSMUSG00000005417	Mprip
ENSMUSG00000019373	Cops3
ENSMUSG00000020538	Srebf1
ENSMUSG00000042650	Alkbh5
ENSMUSG00000002814	Top3a
ENSMUSG00000042549	Map2k3os
ENSMUSG00000018501	Ncor1
ENSMUSG00000018217	Pmp22
ENSMUSG00000020549	Elac2
ENSMUSG00000069844	Sco1
ENSMUSG00000020902	Ntn1
ENSMUSG00000020899	Pfas
ENSMUSG00000020894	Vamp2
ENSMUSG00000045377	Tmem88
ENSMUSG00000086591	Dnah2os
ENSMUSG00000069835	Sat2
ENSMUSG00000018774	Cd68
ENSMUSG00000005198	Polr2a
ENSMUSG00000018554	Ybx2
ENSMUSG00000018574	Acadvl
ENSMUSG00000040904	Gm21988
ENSMUSG00000018921	Pelp1
ENSMUSG00000018919	Tm4sf5
ENSMUSG00000046811	Gltpd2
ENSMUSG00000020828	Pld2
ENSMUSG00000043602	Zfp3
ENSMUSG00000040620	Dhx33
ENSMUSG00000040463	Mybbp1a
ENSMUSG00000020741	Cluh
ENSMUSG00000010554	Mettl16
ENSMUSG00000038268	Ovca2
ENSMUSG00000038217	Tlcd2
ENSMUSG00000017781	Pitpna
ENSMUSG00000020849	Ywhae
ENSMUSG00000020847	Rph3al
ENSMUSG00000020841	Cpd
ENSMUSG00000017453	Pipox
ENSMUSG00000037791	Phf12
ENSMUSG00000061981	Flot2
ENSMUSG00000020832	Eral1
ENSMUSG00000017405	Nek8
ENSMUSG00000019437	Tlcd1
ENSMUSG00000017344	Vtn
ENSMUSG00000017376	Nlk
ENSMUSG00000018334	Ksr1
ENSMUSG00000057181	5730455P16Rik
ENSMUSG00000017421	Zfp207
ENSMUSG00000020697	Lig3
ENSMUSG00000000976	Heatr6
ENSMUSG00000018648	Dusp14
ENSMUSG00000087211	Lhx1os
ENSMUSG00000034449	Dhrs11
ENSMUSG00000020526	Znhit3
ENSMUSG00000018481	Appbp2
ENSMUSG00000018068	Ints2
ENSMUSG00000061666	Gdpd1
ENSMUSG00000018548	Trim37
ENSMUSG00000020486	Sept4
ENSMUSG00000069769	Msi2
ENSMUSG00000087574	C030037D09Rik
ENSMUSG00000018428	Akap1
ENSMUSG00000020553	Pctp
ENSMUSG00000020864	Ankrd40
ENSMUSG00000038967	Pdk2
ENSMUSG00000000120	Ngfr
ENSMUSG00000075596	B130006D01Rik
ENSMUSG00000084844	Hoxb3os
ENSMUSG00000057058	Skap1
ENSMUSG00000050538	B230217C12Rik
ENSMUSG00000020882	Cacnb1
ENSMUSG00000003119	Cdk12
ENSMUSG00000062312	Erbb2
ENSMUSG00000058756	Thra
ENSMUSG00000035849	Krt222
ENSMUSG00000020911	Krt19
ENSMUSG00000006930	Hap1
ENSMUSG00000048732	Klhl11
ENSMUSG00000020917	Acly
ENSMUSG00000004043	Stat5a
ENSMUSG00000035198	Tubg1
ENSMUSG00000035112	Wnk4
ENSMUSG00000075528	Aarsd1
ENSMUSG00000010358	Ifi35
ENSMUSG00000001313	Rnd2
ENSMUSG00000034936	Arl4d
ENSMUSG00000034773	BC030867
ENSMUSG00000020923	Ubtf
ENSMUSG00000018677	Slc25a39
ENSMUSG00000034664	Itga2b
ENSMUSG00000034255	Arhgap27
ENSMUSG00000062421	Arf2
ENSMUSG00000020687	Cdc27
ENSMUSG00000099681	1700052K11Rik
ENSMUSG00000019590	Cyb561
ENSMUSG00000001983	Taco1
ENSMUSG00000040699	Limd2
ENSMUSG00000001029	Icam2
ENSMUSG00000020720	Psmd12
ENSMUSG00000050965	Prkca
ENSMUSG00000020728	Cep112
ENSMUSG00000087259	2610035D17Rik
ENSMUSG00000000202	Btbd17
ENSMUSG00000020733	Slc9a3r1
ENSMUSG00000034566	Atp5h
ENSMUSG00000020738	Sumo2
ENSMUSG00000020781	Tsen54
ENSMUSG00000020782	Llgl2
ENSMUSG00000020752	Recql5
ENSMUSG00000020755	Sap30bp
ENSMUSG00000020766	Galk1
ENSMUSG00000016559	H3f3b
ENSMUSG00000034341	Wbp2
ENSMUSG00000050628	Ubald2
ENSMUSG00000020802	Ube2o
ENSMUSG00000075410	Prcd
ENSMUSG00000020818	Mfsd11
ENSMUSG00000020823	Sec14l1
ENSMUSG00000025572	Tmc6
ENSMUSG00000025574	Tk1
ENSMUSG00000033909	Usp36
ENSMUSG00000017446	C1qtnf1
ENSMUSG00000039989	Cbx4
ENSMUSG00000039781	Cep131
ENSMUSG00000039703	Nploc4
ENSMUSG00000025793	Hgs
ENSMUSG00000025140	Pycr1
ENSMUSG00000039329	Tex19.1
ENSMUSG00000000056	Narf
ENSMUSG00000039275	Foxk2
ENSMUSG00000033799	Fam208b
ENSMUSG00000021213	Akr1c13
ENSMUSG00000021211	Akr1c12
ENSMUSG00000021314	Amph
ENSMUSG00000003062	Stard3nl
ENSMUSG00000078139	AK157302
ENSMUSG00000063021	Hist1h2ak
ENSMUSG00000060981	Hist1h4h
ENSMUSG00000048978	Nrsn1
ENSMUSG00000045827	Serpinb9
ENSMUSG00000046949	Nqo2
ENSMUSG00000021416	Eci3
ENSMUSG00000050423	Ppp1r3g
ENSMUSG00000021361	Tmem14c
ENSMUSG00000054728	Phactr1
ENSMUSG00000021368	Tbc1d7
ENSMUSG00000038518	Jarid2
ENSMUSG00000057531	Dtnbp1
ENSMUSG00000069237	Fam8a1
ENSMUSG00000021374	Nup153
ENSMUSG00000021376	Tpmt
ENSMUSG00000021379	Id4
ENSMUSG00000037933	Bicd2
ENSMUSG00000067586	S1pr3
ENSMUSG00000021457	Syk
ENSMUSG00000043183	Simc1
ENSMUSG00000025870	Arl10
ENSMUSG00000021486	Prelid1
ENSMUSG00000074886	Grk6
ENSMUSG00000021495	Fam193b
ENSMUSG00000021539	Lect2
ENSMUSG00000007836	Hnrnpa0
ENSMUSG00000005312	Ubqln1
ENSMUSG00000035367	Rmi1
ENSMUSG00000055254	Ntrk2
ENSMUSG00000021557	Agtpbp1
ENSMUSG00000021559	Dapk1
ENSMUSG00000044258	Ctla2a
ENSMUSG00000113450	Zfp935
ENSMUSG00000021470	Ercc6l2
ENSMUSG00000110393	Gm36445
ENSMUSG00000021520	Uqcrb
ENSMUSG00000078994	Zfp429
ENSMUSG00000034617	Mtrr
ENSMUSG00000034525	Ice1
ENSMUSG00000021604	Irx4
ENSMUSG00000021606	Ndufs6
ENSMUSG00000021608	Lpcat1
ENSMUSG00000021569	Trip13
ENSMUSG00000069208	Zfp825
ENSMUSG00000021583	Erap1
ENSMUSG00000021585	Cast
ENSMUSG00000043190	Rfesd
ENSMUSG00000074794	Arrdc3
ENSMUSG00000035840	Lysmd3
ENSMUSG00000035834	Polr3g
ENSMUSG00000051098	Mblac2
ENSMUSG00000005583	Mef2c
ENSMUSG00000021707	Dhfr
ENSMUSG00000042118	Bhmt2
ENSMUSG00000021671	Poc5
ENSMUSG00000021670	Hmgcr
ENSMUSG00000041773	Enc1
ENSMUSG00000021662	Arhgef28
ENSMUSG00000041685	Fcho2
ENSMUSG00000021636	Marveld2
ENSMUSG00000041431	Ccnb1
ENSMUSG00000034751	Mast4
ENSMUSG00000032621	Srek1
ENSMUSG00000021694	Ercc8
ENSMUSG00000042426	Dhx29
ENSMUSG00000042364	Snx18
ENSMUSG00000021728	Emb
ENSMUSG00000021732	Fgf10
ENSMUSG00000062822	4833420G17Rik
ENSMUSG00000074634	Tmem267
ENSMUSG00000093930	Hmgcs1
ENSMUSG00000095930	Nim1k
ENSMUSG00000020657	Dnajc27
ENSMUSG00000052812	Atad2b
ENSMUSG00000037669	Ldah
ENSMUSG00000054364	Rhob
ENSMUSG00000048387	Osr1
ENSMUSG00000036523	Greb1
ENSMUSG00000045679	Pqlc3
ENSMUSG00000071398	2410004P03Rik
ENSMUSG00000020571	Pdia6
ENSMUSG00000071379	Hpcal1
ENSMUSG00000093908	Gm5784
ENSMUSG00000020653	Klf11
ENSMUSG00000020649	Rrm2
ENSMUSG00000020630	Rnaseh1
ENSMUSG00000020669	Sh3yl1
ENSMUSG00000020664	Dld
ENSMUSG00000020564	Atxn7l1
ENSMUSG00000020562	Efcab10
ENSMUSG00000004151	Etv1
ENSMUSG00000014905	Dnajb9
ENSMUSG00000035293	G2e3
ENSMUSG00000020954	Strn3
ENSMUSG00000035142	Nubpl
ENSMUSG00000035021	Baz1a
ENSMUSG00000062198	2700097O09Rik
ENSMUSG00000021025	Nfkbia
ENSMUSG00000020973	Dnaaf2
ENSMUSG00000020990	Cdkl1
ENSMUSG00000021076	Actr10
ENSMUSG00000034501	Pcnx4
ENSMUSG00000034442	Trmt5
ENSMUSG00000021113	Snapc1
ENSMUSG00000046768	Rhoj
ENSMUSG00000056459	Zbtb25
ENSMUSG00000073000	Gm10451
ENSMUSG00000042808	Gpx2
ENSMUSG00000021062	Rab15
ENSMUSG00000062961	Ccdc177
ENSMUSG00000021134	Srsf5
ENSMUSG00000090935	Synj2bp
ENSMUSG00000042724	Map3k9
ENSMUSG00000010608	Rbm25
ENSMUSG00000096953	Gm26571
ENSMUSG00000072949	Acot1
ENSMUSG00000021238	Aldh6a1
ENSMUSG00000021241	Isca2
ENSMUSG00000042350	Arel1
ENSMUSG00000004789	Dlst
ENSMUSG00000021248	Tmed10
ENSMUSG00000034111	Tmed8
ENSMUSG00000021036	Sptlc2
ENSMUSG00000021012	Zc3h14
ENSMUSG00000021180	Rps6ka5
ENSMUSG00000041846	Ppp4r3a
ENSMUSG00000044456	Rin3
ENSMUSG00000046675	Tmem251
ENSMUSG00000041702	Btbd7
ENSMUSG00000044715	Gskip
ENSMUSG00000021115	Vrk1
ENSMUSG00000021265	Slc25a29
ENSMUSG00000017843	Ppp2r5c
ENSMUSG00000021281	Tnfaip2
ENSMUSG00000021282	Eif5
ENSMUSG00000037787	Apopt1
ENSMUSG00000021286	Zfyve21
ENSMUSG00000021285	Ppp1r13b
ENSMUSG00000037679	Inf2
ENSMUSG00000047832	Cdca4
ENSMUSG00000002804	Nudt14
ENSMUSG00000021144	Mta1
ENSMUSG00000006356	Crip2
ENSMUSG00000042063	Zfp386
ENSMUSG00000021171	Esyt2
ENSMUSG00000025323	Sp4
ENSMUSG00000064373	Selenop
ENSMUSG00000022150	Dab2
ENSMUSG00000022142	Nup155
ENSMUSG00000022200	Golph3
ENSMUSG00000052253	Zfp622
ENSMUSG00000022263	Trio
ENSMUSG00000022234	Cct5
ENSMUSG00000039065	Fam173b
ENSMUSG00000096956	Snhg18
ENSMUSG00000022261	Sdc2
ENSMUSG00000022323	Rida
ENSMUSG00000022280	Rnf19a
ENSMUSG00000022285	Ywhaz
ENSMUSG00000022292	Rrm2b
ENSMUSG00000022297	Fzd6
ENSMUSG00000022312	Eif3h
ENSMUSG00000038622	Med30
ENSMUSG00000062373	Tmem65
ENSMUSG00000037085	Trmt12
ENSMUSG00000022351	Sqle
ENSMUSG00000032501	Trib1
ENSMUSG00000097039	Pvt1
ENSMUSG00000005125	Ndrg1
ENSMUSG00000036698	Ago2
ENSMUSG00000022587	Ly6e
ENSMUSG00000047728	BC025446
ENSMUSG00000022580	Rhpn1
ENSMUSG00000022570	Tsta3
ENSMUSG00000034429	Zfp707
ENSMUSG00000022559	Fbxl6
ENSMUSG00000022550	Adck5
ENSMUSG00000059323	Tonsl
ENSMUSG00000033819	Ppp1r16a
ENSMUSG00000019080	Mfsd3
ENSMUSG00000005354	Txn2
ENSMUSG00000016554	Eif3d
ENSMUSG00000071713	Csf2rb
ENSMUSG00000071711	Mpst
ENSMUSG00000049521	Cdc42ep1
ENSMUSG00000033039	Micall1
ENSMUSG00000022433	Csnk1e
ENSMUSG00000051518	Rps19bp1
ENSMUSG00000047888	Tnrc6b
ENSMUSG00000022404	Slc25a17
ENSMUSG00000068114	Ccdc134
ENSMUSG00000022452	Smdt1
ENSMUSG00000047878	A4galt
ENSMUSG00000054277	Arfgap3
ENSMUSG00000016664	Pacsin2
ENSMUSG00000041736	Tspo
ENSMUSG00000055745	Ldoc1l
ENSMUSG00000016624	Phf21b
ENSMUSG00000016619	Nup50
ENSMUSG00000015363	Trabd
ENSMUSG00000051786	Tubgcp6
ENSMUSG00000036606	Plxnb2
ENSMUSG00000022621	Rabl2
ENSMUSG00000036197	Gxylt1
ENSMUSG00000022451	Twf1
ENSMUSG00000044250	Pced1b
ENSMUSG00000048175	Asb8
ENSMUSG00000003355	Fkbp11
ENSMUSG00000048154	Kmt2d
ENSMUSG00000037525	Bcdin3d
ENSMUSG00000023027	Atf1
ENSMUSG00000054619	Mettl7a1
ENSMUSG00000000531	Grasp
ENSMUSG00000046834	Krt1
ENSMUSG00000058655	Eif4b
ENSMUSG00000097050	Gm9918
ENSMUSG00000058290	Espl1
ENSMUSG00000001285	Myg1
ENSMUSG00000097234	Gm26518
ENSMUSG00000056851	Pcbp2
ENSMUSG00000036139	Hoxc9
ENSMUSG00000036061	Smug1
ENSMUSG00000058794	Nfe2
ENSMUSG00000022529	Zfp263
ENSMUSG00000005981	Trap1
ENSMUSG00000039637	Coro7
ENSMUSG00000004069	Dnaja3
ENSMUSG00000063445	Nmral1
ENSMUSG00000004071	Cdip1
ENSMUSG00000022536	Glyr1
ENSMUSG00000039427	Alg1
ENSMUSG00000022503	Nubp1
ENSMUSG00000050908	Tvp23a
ENSMUSG00000037965	Zc3h7a
ENSMUSG00000079737	3110001I22Rik
ENSMUSG00000060657	Marf1
ENSMUSG00000023088	Abcc1
ENSMUSG00000022676	Snai2
ENSMUSG00000022671	Mzt2
ENSMUSG00000022771	Ppil2
ENSMUSG00000006134	Crkl
ENSMUSG00000022763	Aifm3
ENSMUSG00000060166	Zdhhc8
ENSMUSG00000022721	Trmt2a
ENSMUSG00000000326	Comt
ENSMUSG00000000884	Gnb1l
ENSMUSG00000005262	Ufd1
ENSMUSG00000071632	2510002D24Rik
ENSMUSG00000022841	Ap2m1
ENSMUSG00000022842	Ece2
ENSMUSG00000051146	Camk2n2
ENSMUSG00000005958	Ephb3
ENSMUSG00000033653	Vps8
ENSMUSG00000022856	Tmem41a
ENSMUSG00000022528	Hes1
ENSMUSG00000022533	Atp13a3
ENSMUSG00000022537	Tmem44
ENSMUSG00000022538	Lsg1
ENSMUSG00000022770	Dlg1
ENSMUSG00000035790	Cep19
ENSMUSG00000052384	Nrros
ENSMUSG00000014075	Tctex1d2
ENSMUSG00000022807	Osbpl11
ENSMUSG00000052133	Sema5b
ENSMUSG00000022828	Gtf2e1
ENSMUSG00000022820	Ndufb4
ENSMUSG00000022816	Fstl1
ENSMUSG00000022812	Gsk3b
ENSMUSG00000043065	Spice1
ENSMUSG00000022668	Gtpbp8
ENSMUSG00000022661	Cd200
ENSMUSG00000022641	Bbx
ENSMUSG00000022604	Cep97
ENSMUSG00000071533	Pcnp
ENSMUSG00000044763	Trmt10c
ENSMUSG00000022742	Cpox
ENSMUSG00000022744	Cldnd1
ENSMUSG00000022722	Arl6
ENSMUSG00000054604	Cggbp1
ENSMUSG00000091243	Vgll3
ENSMUSG00000052516	Robo2
ENSMUSG00000022867	Usp25
ENSMUSG00000022889	Mrpl39
ENSMUSG00000022890	Atp5j
ENSMUSG00000041134	Cyyr1
ENSMUSG00000025613	Cct8
ENSMUSG00000039956	Mrap
ENSMUSG00000022964	Tmem50b
ENSMUSG00000022960	Donson
ENSMUSG00000022957	Itsn1
ENSMUSG00000089774	Slc5a3
ENSMUSG00000051989	Smim11
ENSMUSG00000039639	Kcne1
ENSMUSG00000022947	Cbr3
ENSMUSG00000022940	Pigp
ENSMUSG00000040785	Ttc3
ENSMUSG00000022897	Dyrk1a
ENSMUSG00000022895	Ets2
ENSMUSG00000022913	Psmg1
ENSMUSG00000040681	Hmgn1
ENSMUSG00000090223	Pcp4
ENSMUSG00000062078	Qk
ENSMUSG00000006818	Sod2
ENSMUSG00000068036	Afdn
ENSMUSG00000023852	Chd1
ENSMUSG00000023892	Zfp51
ENSMUSG00000061544	Zfp229
ENSMUSG00000063383	Zfp947
ENSMUSG00000071266	Zfp946
ENSMUSG00000043782	Bicdl2
ENSMUSG00000041319	Thoc6
ENSMUSG00000066720	Cldn9
ENSMUSG00000023909	Paqr4
ENSMUSG00000024114	Prss41
ENSMUSG00000045027	Prss22
ENSMUSG00000036820	Amdhd2
ENSMUSG00000107169	Gm43796
ENSMUSG00000024132	Eci1
ENSMUSG00000079657	Rab26
ENSMUSG00000041429	Nthl1
ENSMUSG00000007021	Syngr3
ENSMUSG00000090101	Snhg9
ENSMUSG00000024158	Hagh
ENSMUSG00000045316	Fahd1
ENSMUSG00000002279	Lmf1
ENSMUSG00000019214	Chtf18
ENSMUSG00000061046	Haghl
ENSMUSG00000073434	Wdr90
ENSMUSG00000071192	Wfikkn1
ENSMUSG00000036775	Decr2
ENSMUSG00000024182	Axin1
ENSMUSG00000024193	Phf1
ENSMUSG00000057789	Bak1
ENSMUSG00000044857	Lemd2
ENSMUSG00000002257	Def6
ENSMUSG00000053436	Mapk14
ENSMUSG00000004864	Mapk13
ENSMUSG00000024007	Ppil1
ENSMUSG00000024038	Ndufv3
ENSMUSG00000006705	Pknox1
ENSMUSG00000053600	Zfp472
ENSMUSG00000024299	Adamts10
ENSMUSG00000059208	Hnrnpm
ENSMUSG00000079557	March2
ENSMUSG00000077450	Rab11b
ENSMUSG00000067288	Rps28
ENSMUSG00000092564	BC051226
ENSMUSG00000008668	Rps18
ENSMUSG00000024325	Ring1
ENSMUSG00000073422	H2-Ke6
ENSMUSG00000073421	H2-Ab1
ENSMUSG00000015452	Ager
ENSMUSG00000040482	Dxo
ENSMUSG00000007036	Abhd16a
ENSMUSG00000024392	Bag6
ENSMUSG00000024406	Pou5f1
ENSMUSG00000024409	Psors1c2
ENSMUSG00000038838	Vars2
ENSMUSG00000034595	Ppp1r18
ENSMUSG00000038762	Abcf1
ENSMUSG00000038500	Prr3
ENSMUSG00000098178	Gm42418
ENSMUSG00000105361	AY036118
ENSMUSG00000023921	Mut
ENSMUSG00000023963	Cyp39a1
ENSMUSG00000023960	Enpp5
ENSMUSG00000023961	Enpp4
ENSMUSG00000023966	Rsph9
ENSMUSG00000063888	Rpl7l1
ENSMUSG00000023977	Ubr2
ENSMUSG00000017831	Rab5a
ENSMUSG00000003208	Ccdc94
ENSMUSG00000011589	Fsd1
ENSMUSG00000003199	Mpnd
ENSMUSG00000002835	Chaf1a
ENSMUSG00000071054	Safb
ENSMUSG00000002372	Ranbp3
ENSMUSG00000039481	Nrtn
ENSMUSG00000007603	Dus3l
ENSMUSG00000002660	Clpp
ENSMUSG00000046329	Slc25a23
ENSMUSG00000062591	Tubb4a
ENSMUSG00000000127	Fer
ENSMUSG00000024083	Pja2
ENSMUSG00000024101	Washc1
ENSMUSG00000032796	Lama1
ENSMUSG00000034868	Myl12b
ENSMUSG00000024063	Lbh
ENSMUSG00000054469	Lclat1
ENSMUSG00000001870	Ltbp1
ENSMUSG00000024077	Strn
ENSMUSG00000039414	Heatr5b
ENSMUSG00000024082	Ndufaf7
ENSMUSG00000024095	Hnrnpll
ENSMUSG00000097047	1110020A21Rik
ENSMUSG00000024127	Prepl
ENSMUSG00000024140	Epas1
ENSMUSG00000050138	Kcnk12
ENSMUSG00000066878	Gm10184
ENSMUSG00000024109	Nrxn1
ENSMUSG00000095193	Gm20939
ENSMUSG00000068457	Uty
ENSMUSG00000041225	Arhgap12
ENSMUSG00000047879	Usp14
ENSMUSG00000005836	Gata6
ENSMUSG00000041238	Rbbp8
ENSMUSG00000057766	Ankrd29
ENSMUSG00000044252	Osbpl1a
ENSMUSG00000024420	Zfp521
ENSMUSG00000037013	Ss18
ENSMUSG00000091449	Gm10269
ENSMUSG00000033107	Rnf125
ENSMUSG00000042680	Garem1
ENSMUSG00000040446	Rprd1a
ENSMUSG00000024271	Elp2
ENSMUSG00000041915	Ammecr1l
ENSMUSG00000024382	Ercc3
ENSMUSG00000042834	Nrep
ENSMUSG00000003778	Brd8
ENSMUSG00000044201	Cdc25c
ENSMUSG00000097755	2010110K18Rik
ENSMUSG00000038773	Kdm3b
ENSMUSG00000038555	Reep2
ENSMUSG00000038418	Egr1
ENSMUSG00000024354	Slc23a1
ENSMUSG00000051316	Taf7
ENSMUSG00000024451	Arap3
ENSMUSG00000024442	0610009O20Rik
ENSMUSG00000052102	Gnpda1
ENSMUSG00000024427	Spry4
ENSMUSG00000056671	Prelid2
ENSMUSG00000024498	Tcerg1
ENSMUSG00000043424	Eif3j2
ENSMUSG00000024472	Dcp2
ENSMUSG00000033184	Tmed7
ENSMUSG00000024507	Hsd17b4
ENSMUSG00000048799	Cep120
ENSMUSG00000053644	Aldh7a1
ENSMUSG00000008301	Phax
ENSMUSG00000024620	Pdgfrb
ENSMUSG00000034320	Slc26a2
ENSMUSG00000032688	Malt1
ENSMUSG00000024516	Sec11c
ENSMUSG00000024518	Rax
ENSMUSG00000024530	Prelid3a
ENSMUSG00000024533	Spire1
ENSMUSG00000024539	Ptpn2
ENSMUSG00000024542	Cep192
ENSMUSG00000044906	4930503L19Rik
ENSMUSG00000038425	Poli
ENSMUSG00000037253	Mex3c
ENSMUSG00000052928	Ctif
ENSMUSG00000056214	Pard6g
ENSMUSG00000024644	Cndp2
ENSMUSG00000110277	Gm45871
ENSMUSG00000024829	Mrpl21
ENSMUSG00000024913	Lrp5
ENSMUSG00000059734	Ndufs8
ENSMUSG00000036908	Unc93b1
ENSMUSG00000024851	Pitpnm1
ENSMUSG00000040247	Tbc1d10c
ENSMUSG00000083282	Ctsf
ENSMUSG00000006463	Zdhhc24
ENSMUSG00000024902	Mrpl11
ENSMUSG00000080268	Brms1
ENSMUSG00000024862	Klc2
ENSMUSG00000024844	Banf1
ENSMUSG00000024914	Drap1
ENSMUSG00000047423	AI837181
ENSMUSG00000004054	Map3k11
ENSMUSG00000075227	Znhit2
ENSMUSG00000024797	Vps51
ENSMUSG00000024769	Cdc42bpg
ENSMUSG00000052188	Gm14964
ENSMUSG00000038812	Trmt112
ENSMUSG00000024965	Fermt3
ENSMUSG00000024764	Naa40
ENSMUSG00000042729	Wdr74
ENSMUSG00000071662	Polr2g
ENSMUSG00000071648	Rom1
ENSMUSG00000071647	Eml3
ENSMUSG00000071645	Tut1
ENSMUSG00000024743	Syt7
ENSMUSG00000024668	Sdhaf2
ENSMUSG00000034820	Cpsf7
ENSMUSG00000024740	Ddb1
ENSMUSG00000024736	Tmem132a
ENSMUSG00000046139	Patl1
ENSMUSG00000024695	Zfp91
ENSMUSG00000024639	Gnaq
ENSMUSG00000046230	Vps13a
ENSMUSG00000024713	Pcsk5
ENSMUSG00000047044	D030056L22Rik
ENSMUSG00000024750	Zfand5
ENSMUSG00000033863	Klf9
ENSMUSG00000051255	Gm6563
ENSMUSG00000024878	Cbwd1
ENSMUSG00000024921	Smarca2
ENSMUSG00000040929	Rfx3
ENSMUSG00000045932	Ifit2
ENSMUSG00000024987	Cyp26a1
ENSMUSG00000025001	Hells
ENSMUSG00000067199	Frat1
ENSMUSG00000025194	Abcc2
ENSMUSG00000025196	Cpn1
ENSMUSG00000025203	Scd2
ENSMUSG00000025207	Sema4g
ENSMUSG00000035342	Lzts2
ENSMUSG00000025221	Kcnip2
ENSMUSG00000025035	Arl3
ENSMUSG00000071528	Usmg5
ENSMUSG00000034765	Dusp5
ENSMUSG00000024975	Pdcd4
ENSMUSG00000025077	Dclre1a
ENSMUSG00000025083	Afap1l2
ENSMUSG00000074746	Pdzd8
ENSMUSG00000072437	Nanos1
ENSMUSG00000024997	Prdx3
ENSMUSG00000064358	mt-Co3
