Entry_Name,S/Y_Fraction,Phos_S/Y_Fraction,Category
SRSF1_HUMAN,0.399999999999999,0.4,SRSF1
DESP_HUMAN,0.466666666666666,0.3333333333333333,Other IDR proteins
TRA2B_HUMAN,0.342105263157894,0.3289473684210527,Other IDR proteins
PLEC_HUMAN,0.394736842105263,0.3289473684210527,Other IDR proteins
TRA2A_HUMAN,0.319444444444444,0.2916666666666667,Other IDR proteins
K2C8_HUMAN,0.280898876404494,0.2808988764044944,Other IDR proteins
K2C8_HUMAN,0.271604938271604,0.2716049382716049,Other IDR proteins
SRSF7_HUMAN,0.386554621848739,0.2605042016806723,Core splicing protein
K1C18_HUMAN,0.246753246753246,0.2467532467532468,Other IDR proteins
RGPD2_HUMAN,0.26,0.24,Other IDR proteins
CC186_HUMAN,0.32,0.24,Other IDR proteins
RGPD3_HUMAN,0.254901960784313,0.2352941176470588,Other IDR proteins
ASPH_HUMAN,0.269230769230769,0.2307692307692308,Other IDR proteins
PCY1A_HUMAN,0.229508196721311,0.2295081967213115,Other IDR proteins
TRA2A_HUMAN,0.321100917431192,0.2293577981651376,Other IDR proteins
RGPD5_HUMAN,0.264150943396226,0.2264150943396226,Other IDR proteins
SRSF2_HUMAN,0.380165289256198,0.2231404958677686,Core splicing protein
K1C19_HUMAN,0.285714285714285,0.2207792207792208,Other IDR proteins
RBMX_HUMAN,0.262839879154078,0.2205438066465257,Other IDR proteins
RGPD8_HUMAN,0.254901960784313,0.2156862745098039,Other IDR proteins
RGPD4_HUMAN,0.254901960784313,0.2156862745098039,Other IDR proteins
SRRM2_HUMAN,0.241179313678105,0.2150797486708555,Core splicing protein
NCOA7_HUMAN,0.267857142857142,0.2142857142857143,Other IDR proteins
CIRBP_HUMAN,0.269230769230769,0.2115384615384615,Other IDR proteins
PHF6_HUMAN,0.236842105263157,0.2105263157894737,Other IDR proteins
RNPS1_HUMAN,0.323863636363636,0.2102272727272727,Other IDR proteins
SRS10_HUMAN,0.348101265822784,0.2088607594936709,Core splicing protein
ZO1_HUMAN,0.220588235294117,0.2058823529411765,Other IDR proteins
WWTR1_HUMAN,0.220338983050847,0.2033898305084746,Other IDR proteins
SRSF8_HUMAN,0.433155080213903,0.2032085561497326,Core splicing protein
LSR_HUMAN,0.240506329113924,0.2025316455696203,Other IDR proteins
P121C_HUMAN,0.231155778894472,0.1959798994974874,Other IDR proteins
CHK2_HUMAN,0.315217391304347,0.1956521739130435,Other IDR proteins
TRA2B_HUMAN,0.351851851851851,0.1944444444444444,Other IDR proteins
FKB15_HUMAN,0.241935483870967,0.1935483870967742,Other IDR proteins
SRRM2_HUMAN,0.272222222222222,0.1925925925925926,Core splicing protein
RMXL1_HUMAN,0.271604938271604,0.191358024691358,Other IDR proteins
ARHG2_HUMAN,0.207920792079207,0.1881188118811881,Other IDR proteins
OCLN_HUMAN,0.19626168224299,0.1869158878504673,Other IDR proteins
K2C7_HUMAN,0.19753086419753,0.1851851851851852,Other IDR proteins
MTAP2_HUMAN,0.185185185185185,0.1851851851851852,Other IDR proteins
GRAP1_HUMAN,0.292307692307692,0.1846153846153846,Other IDR proteins
KLC2_HUMAN,0.2,0.1833333333333333,Other IDR proteins
DDX3X_HUMAN,0.341463414634146,0.1829268292682927,Other IDR proteins
KI20A_HUMAN,0.196721311475409,0.180327868852459,Other IDR proteins
RBM15_HUMAN,0.2,0.18,Other IDR proteins
EF2K_HUMAN,0.217948717948717,0.1794871794871795,Other IDR proteins
ROA2_HUMAN,0.205128205128205,0.1794871794871795,Other IDR proteins
ZO2_HUMAN,0.196078431372549,0.1764705882352941,Other IDR proteins
MACF1_HUMAN,0.23469387755102,0.173469387755102,Other IDR proteins
PHIP_HUMAN,0.23076923076923,0.1730769230769231,Other IDR proteins
CHD1_HUMAN,0.222222222222222,0.1728395061728395,Other IDR proteins
TP53B_HUMAN,0.172727272727272,0.1727272727272727,Other IDR proteins
ITPI2_HUMAN,0.206896551724137,0.1724137931034483,Other IDR proteins
DESP_HUMAN,0.1875,0.171875,Other IDR proteins
P121A_HUMAN,0.226130653266331,0.1708542713567839,Other IDR proteins
CLK2_HUMAN,0.338028169014084,0.1690140845070423,Other IDR proteins
LIMA1_HUMAN,0.189473684210526,0.1684210526315789,Other IDR proteins
DDX3X_HUMAN,0.229007633587786,0.1679389312977099,Other IDR proteins
NDC80_HUMAN,0.205128205128205,0.1666666666666667,Other IDR proteins
MATR3_HUMAN,0.166666666666666,0.1666666666666667,Other IDR proteins
RBM3_HUMAN,0.205882352941176,0.1666666666666667,Other IDR proteins
RBL2_HUMAN,0.25,0.1666666666666667,Other IDR proteins
SLAI2_HUMAN,0.212962962962962,0.1666666666666667,Other IDR proteins
CLAP2_HUMAN,0.256559766763848,0.1661807580174927,Other IDR proteins
PKP4_HUMAN,0.267045454545454,0.1647727272727273,Other IDR proteins
LMO7_HUMAN,0.21311475409836,0.1639344262295082,Other IDR proteins
ZO2_HUMAN,0.174863387978142,0.1639344262295082,Other IDR proteins
TM10A_HUMAN,0.218181818181818,0.1636363636363636,Other IDR proteins
PKP4_HUMAN,0.212527964205816,0.1633109619686801,Other IDR proteins
MY18A_HUMAN,0.228260869565217,0.1630434782608696,Other IDR proteins
ARFG3_HUMAN,0.275,0.1625,Other IDR proteins
SRSF6_HUMAN,0.385093167701863,0.1614906832298137,Core splicing protein
ZMYD8_HUMAN,0.186335403726708,0.1614906832298137,Other IDR proteins
YAP1_HUMAN,0.161290322580645,0.1612903225806452,Other IDR proteins
XRN2_HUMAN,0.172043010752688,0.1612903225806452,Other IDR proteins
HNRH1_HUMAN,0.172413793103448,0.1609195402298851,Other IDR proteins
NUMA1_HUMAN,0.188073394495412,0.1605504587155963,Other IDR proteins
SQSTM_HUMAN,0.185897435897435,0.1602564102564103,Other IDR proteins
OSBL8_HUMAN,0.18,0.16,Other IDR proteins
RBP10_HUMAN,0.347222222222222,0.1597222222222222,Other IDR proteins
EP15R_HUMAN,0.202898550724637,0.1594202898550725,Other IDR proteins
CHERP_HUMAN,0.283582089552238,0.1592039800995025,Other IDR proteins
GOGA1_HUMAN,0.174603174603174,0.1587301587301587,Other IDR proteins
NUSAP_HUMAN,0.158730158730158,0.1587301587301587,Other IDR proteins
EF2K_HUMAN,0.216666666666666,0.1583333333333333,Other IDR proteins
PDCD4_HUMAN,0.19298245614035,0.1578947368421053,Other IDR proteins
MY18A_HUMAN,0.157894736842105,0.1578947368421053,Other IDR proteins
CCDC6_HUMAN,0.21259842519685,0.1574803149606299,Other IDR proteins
HNRPF_HUMAN,0.191011235955056,0.1573033707865168,Other IDR proteins
LMNB2_HUMAN,0.214285714285714,0.1571428571428571,Other IDR proteins
MPRIP_HUMAN,0.196078431372549,0.1568627450980392,Other IDR proteins
PDIP3_HUMAN,0.196078431372549,0.1568627450980392,Other IDR proteins
SMRCD_HUMAN,0.215686274509803,0.1568627450980392,Other IDR proteins
SASH3_HUMAN,0.16867469879518,0.1566265060240964,Other IDR proteins
LMNA_HUMAN,0.226086956521739,0.1565217391304348,Other IDR proteins
PTN6_HUMAN,0.15625,0.15625,Other IDR proteins
JMJD6_HUMAN,0.375,0.15625,Other IDR proteins
SRGP2_HUMAN,0.207792207792207,0.1558441558441558,Other IDR proteins
CLAP2_HUMAN,0.184466019417475,0.1553398058252427,Other IDR proteins
PPHLN_HUMAN,0.230215827338129,0.1546762589928058,Other IDR proteins
BCLF1_HUMAN,0.237132352941176,0.1544117647058824,Other IDR proteins
PAWR_HUMAN,0.288461538461538,0.1538461538461539,Other IDR proteins
SRRM1_HUMAN,0.190781049935979,0.1536491677336748,Core splicing protein
NFIA_HUMAN,0.255474452554744,0.1532846715328467,Other IDR proteins
ZN330_HUMAN,0.188235294117647,0.1529411764705882,Other IDR proteins
DC1L1_HUMAN,0.152777777777777,0.1527777777777778,Other IDR proteins
TAU_HUMAN,0.186440677966101,0.1525423728813559,Other IDR proteins
KDIS_HUMAN,0.206521739130434,0.1521739130434783,Other IDR proteins
CLIP2_HUMAN,0.227272727272727,0.1515151515151515,Other IDR proteins
ZDHC5_HUMAN,0.20137299771167,0.1510297482837529,Other IDR proteins
RS6_HUMAN,0.150943396226415,0.1509433962264151,Other IDR proteins
DC1L1_HUMAN,0.150943396226415,0.1509433962264151,Other IDR proteins
ZO1_HUMAN,0.178082191780821,0.1506849315068493,Other IDR proteins
ZO3_HUMAN,0.26,0.15,Other IDR proteins
IQEC1_HUMAN,0.25,0.15,Other IDR proteins
ELYS_HUMAN,0.229999999999999,0.15,Other IDR proteins
M3K20_HUMAN,0.210526315789473,0.1497975708502024,Other IDR proteins
HNRH2_HUMAN,0.183908045977011,0.1494252873563219,Other IDR proteins
IWS1_HUMAN,0.170498084291187,0.1494252873563219,Other IDR proteins
CPSF7_HUMAN,0.208955223880597,0.1492537313432836,Other IDR proteins
CBPD_HUMAN,0.166666666666666,0.1481481481481481,Other IDR proteins
CMTR1_HUMAN,0.209876543209876,0.1481481481481481,Other IDR proteins
LMNB1_HUMAN,0.278688524590163,0.1475409836065574,Other IDR proteins
AGFG1_HUMAN,0.229508196721311,0.1475409836065574,Other IDR proteins
MATR3_HUMAN,0.235294117647058,0.1470588235294118,Other IDR proteins
SRSF3_HUMAN,0.205882352941176,0.1470588235294118,Core splicing protein
CWC22_HUMAN,0.215384615384615,0.1461538461538462,Other IDR proteins
TR150_HUMAN,0.227036395147313,0.145580589254766,Other IDR proteins
SMCA1_HUMAN,0.163636363636363,0.1454545454545454,Other IDR proteins
PSD3_HUMAN,0.163636363636363,0.1454545454545454,Other IDR proteins
RBM39_HUMAN,0.210144927536231,0.1449275362318841,Other IDR proteins
CD2AP_HUMAN,0.17391304347826,0.1449275362318841,Other IDR proteins
RPB1_HUMAN,0.453488372093023,0.1441860465116279,Other IDR proteins
MINT_HUMAN,0.259259259259259,0.1440329218106996,Other IDR proteins
OSTP_HUMAN,0.171232876712328,0.1438356164383562,Other IDR proteins
NOP56_HUMAN,0.149700598802395,0.1437125748502994,Other IDR proteins
KAT7_HUMAN,0.220994475138121,0.143646408839779,Other IDR proteins
DCLK1_HUMAN,0.316326530612244,0.1428571428571428,Other IDR proteins
RBP2_HUMAN,0.203296703296703,0.1428571428571428,Other IDR proteins
ILF3_HUMAN,0.24223602484472,0.1428571428571428,Other IDR proteins
TRI29_HUMAN,0.166666666666666,0.1428571428571428,Other IDR proteins
TEX2_HUMAN,0.222222222222222,0.1428571428571428,Other IDR proteins
ATRX_HUMAN,0.252525252525252,0.1414141414141414,Other IDR proteins
K2C5_HUMAN,0.179487179487179,0.141025641025641,Other IDR proteins
HNRH3_HUMAN,0.192307692307692,0.141025641025641,Other IDR proteins
NHRF1_HUMAN,0.19,0.14,Other IDR proteins
F262_HUMAN,0.16,0.14,Other IDR proteins
TFEB_HUMAN,0.18,0.14,Other IDR proteins
PTN11_HUMAN,0.14,0.14,Other IDR proteins
NDEL1_HUMAN,0.14,0.14,Other IDR proteins
RBM5_HUMAN,0.236559139784946,0.1397849462365591,Other IDR proteins
CTND1_HUMAN,0.156521739130434,0.1391304347826087,Other IDR proteins
TADBP_HUMAN,0.165562913907284,0.1390728476821192,Other IDR proteins
SUN2_HUMAN,0.277108433734939,0.1385542168674699,Other IDR proteins
RRP15_HUMAN,0.153846153846153,0.1384615384615385,Other IDR proteins
TPD52_HUMAN,0.148936170212765,0.1382978723404255,Other IDR proteins
TBCD5_HUMAN,0.22463768115942,0.1376811594202899,Other IDR proteins
AFAP1_HUMAN,0.15,0.1375,Other IDR proteins
AKAP9_HUMAN,0.2,0.1375,Other IDR proteins
AKP13_HUMAN,0.163636363636363,0.1363636363636364,Other IDR proteins
ZBTB4_HUMAN,0.454545454545454,0.1363636363636364,Other IDR proteins
K22E_HUMAN,0.346938775510204,0.1360544217687075,Other IDR proteins
RBM10_HUMAN,0.167999999999999,0.136,Other IDR proteins
NUCKS_HUMAN,0.144032921810699,0.1358024691358025,Other IDR proteins
RBP2_HUMAN,0.15,0.1357142857142857,Other IDR proteins
SRSF4_HUMAN,0.347003154574132,0.1356466876971609,Core splicing protein
EMAL4_HUMAN,0.172093023255813,0.1348837209302326,Other IDR proteins
DESP_HUMAN,0.365384615384615,0.1346153846153846,Other IDR proteins
DC1L2_HUMAN,0.176470588235294,0.134453781512605,Other IDR proteins
ANLN_HUMAN,0.193548387096774,0.1344086021505376,Other IDR proteins
IF4B_HUMAN,0.155650319829424,0.1343283582089552,Other IDR proteins
GOGA4_HUMAN,0.208955223880597,0.1343283582089552,Other IDR proteins
TITIN_HUMAN,0.194029850746268,0.1343283582089552,Other IDR proteins
K2C1_HUMAN,0.335570469798657,0.1342281879194631,Other IDR proteins
PAK2_HUMAN,0.146341463414634,0.1341463414634146,Other IDR proteins
K0930_HUMAN,0.152380952380952,0.1333333333333333,Other IDR proteins
PKHA5_HUMAN,0.166666666666666,0.1333333333333333,Other IDR proteins
RIOK2_HUMAN,0.161849710982658,0.1329479768786127,Other IDR proteins
PR38A_HUMAN,0.21875,0.1328125,Other IDR proteins
TPD54_HUMAN,0.150943396226415,0.1320754716981132,Other IDR proteins
TANC2_HUMAN,0.150943396226415,0.1320754716981132,Other IDR proteins
ZN638_HUMAN,0.209756097560975,0.1317073170731707,Other IDR proteins
NFKB1_HUMAN,0.184210526315789,0.131578947368421,Other IDR proteins
SRS11_HUMAN,0.200819672131147,0.1311475409836066,Core splicing protein
OSBL8_HUMAN,0.21311475409836,0.1311475409836066,Other IDR proteins
RBM15_HUMAN,0.238095238095238,0.130952380952381,Other IDR proteins
JUPI1_HUMAN,0.142857142857142,0.1298701298701299,Other IDR proteins
SRSF5_HUMAN,0.43010752688172,0.1290322580645161,Core splicing protein
KI13B_HUMAN,0.14516129032258,0.1290322580645161,Other IDR proteins
LSR_HUMAN,0.153846153846153,0.1282051282051282,Other IDR proteins
FA83B_HUMAN,0.161111111111111,0.1277777777777778,Other IDR proteins
CTND1_HUMAN,0.141643059490085,0.1274787535410765,Other IDR proteins
NGAP_HUMAN,0.196078431372549,0.1274509803921569,Other IDR proteins
PAK1_HUMAN,0.136363636363636,0.1272727272727273,Other IDR proteins
ERRFI_HUMAN,0.163636363636363,0.1272727272727273,Other IDR proteins
DMAP1_HUMAN,0.142857142857142,0.126984126984127,Other IDR proteins
SNCAP_HUMAN,0.269841269841269,0.126984126984127,Other IDR proteins
KCD12_HUMAN,0.154929577464788,0.1267605633802817,Other IDR proteins
ZN687_HUMAN,0.20253164556962,0.1265822784810127,Other IDR proteins
U2AF2_HUMAN,0.126436781609195,0.1264367816091954,Other IDR proteins
PHLB2_HUMAN,0.229885057471264,0.1264367816091954,Other IDR proteins
PKHA6_HUMAN,0.175824175824175,0.1263736263736264,Other IDR proteins
SRC8_HUMAN,0.147058823529411,0.1260504201680672,Other IDR proteins
SPAS2_HUMAN,0.22754491017964,0.125748502994012,Other IDR proteins
MRCKA_HUMAN,0.21311475409836,0.1256830601092896,Other IDR proteins
K2C6A_HUMAN,0.19078947368421,0.125,Other IDR proteins
K2C6C_HUMAN,0.19078947368421,0.125,Other IDR proteins
SMN_HUMAN,0.125,0.125,Other IDR proteins
PB1_HUMAN,0.193181818181818,0.125,Other IDR proteins
CP250_HUMAN,0.160714285714285,0.125,Other IDR proteins
KLC2_HUMAN,0.138888888888888,0.125,Other IDR proteins
S30BP_HUMAN,0.135416666666666,0.125,Other IDR proteins
BAZ2A_HUMAN,0.15625,0.125,Other IDR proteins
BAZ1B_HUMAN,0.125,0.125,Other IDR proteins
K2C6B_HUMAN,0.18954248366013,0.1241830065359477,Other IDR proteins
RB6I2_HUMAN,0.226277372262773,0.1240875912408759,Other IDR proteins
RBP56_HUMAN,0.299145299145299,0.1239316239316239,Other IDR proteins
SMCA4_HUMAN,0.160493827160493,0.1234567901234568,Other IDR proteins
DTL_HUMAN,0.193037974683544,0.1234177215189873,Other IDR proteins
ABRX2_HUMAN,0.212328767123287,0.1232876712328767,Other IDR proteins
DVL3_HUMAN,0.19634703196347,0.1232876712328767,Other IDR proteins
ARFG3_HUMAN,0.205479452054794,0.1232876712328767,Other IDR proteins
SOX10_HUMAN,0.123076923076923,0.1230769230769231,Other IDR proteins
RHG04_HUMAN,0.169230769230769,0.1230769230769231,Other IDR proteins
PHF10_HUMAN,0.169230769230769,0.1230769230769231,Other IDR proteins
RBM15_HUMAN,0.162698412698412,0.123015873015873,Other IDR proteins
KI20A_HUMAN,0.263157894736842,0.1228070175438596,Other IDR proteins
UTP23_HUMAN,0.122807017543859,0.1228070175438596,Other IDR proteins
MPLKI_HUMAN,0.193548387096774,0.1225806451612903,Other IDR proteins
TMM40_HUMAN,0.251612903225806,0.1225806451612903,Other IDR proteins
FOXK1_HUMAN,0.177777777777777,0.1222222222222222,Other IDR proteins
PHLB1_HUMAN,0.134146341463414,0.1219512195121951,Other IDR proteins
PININ_HUMAN,0.219512195121951,0.1219512195121951,Other IDR proteins
BC11B_HUMAN,0.175675675675675,0.1216216216216216,Other IDR proteins
HGS_HUMAN,0.212121212121212,0.1212121212121212,Other IDR proteins
ZRAB2_HUMAN,0.383838383838383,0.1212121212121212,Other IDR proteins
SMRCD_HUMAN,0.146496815286624,0.1210191082802548,Other IDR proteins
NUP98_HUMAN,0.177419354838709,0.1209677419354839,Other IDR proteins
CAVN1_HUMAN,0.120689655172413,0.1206896551724138,Other IDR proteins
UT14A_HUMAN,0.156626506024096,0.1204819277108434,Other IDR proteins
ANK3_HUMAN,0.195488721804511,0.1203007518796992,Other IDR proteins
ARHGB_HUMAN,0.16,0.12,Other IDR proteins
CLAP2_HUMAN,0.22,0.12,Other IDR proteins
FEN1_HUMAN,0.12,0.12,Other IDR proteins
YBOX1_HUMAN,0.12,0.12,Other IDR proteins
ARHG2_HUMAN,0.12,0.12,Other IDR proteins
ROA1_HUMAN,0.239130434782608,0.1195652173913044,Other IDR proteins
LC7L2_HUMAN,0.213836477987421,0.119496855345912,Other IDR proteins
NOLC1_HUMAN,0.176838810641627,0.1189358372456964,Other IDR proteins
CDK12_HUMAN,0.210893854748603,0.1187150837988827,Other IDR proteins
GNL1_HUMAN,0.152542372881355,0.1186440677966102,Other IDR proteins
PKHA7_HUMAN,0.152542372881355,0.1186440677966102,Other IDR proteins
PININ_HUMAN,0.11864406779661,0.1186440677966102,Other IDR proteins
PKHA5_HUMAN,0.152542372881355,0.1186440677966102,Other IDR proteins
PR40A_HUMAN,0.217105263157894,0.1184210526315789,Other IDR proteins
CLIP2_HUMAN,0.210526315789473,0.1184210526315789,Other IDR proteins
ZO3_HUMAN,0.161290322580645,0.1182795698924731,Other IDR proteins
DEK_HUMAN,0.155913978494623,0.1182795698924731,Other IDR proteins
FNBP4_HUMAN,0.182795698924731,0.1182795698924731,Other IDR proteins
RGS12_HUMAN,0.2,0.1181818181818182,Other IDR proteins
YAP1_HUMAN,0.157480314960629,0.1181102362204724,Other IDR proteins
WAC_HUMAN,0.244094488188976,0.1181102362204724,Other IDR proteins
RGPD4_HUMAN,0.152777777777777,0.1180555555555556,Other IDR proteins
SRBS2_HUMAN,0.188235294117647,0.1176470588235294,Other IDR proteins
KI20A_HUMAN,0.13235294117647,0.1176470588235294,Other IDR proteins
REPS1_HUMAN,0.188235294117647,0.1176470588235294,Other IDR proteins
MARK4_HUMAN,0.235294117647058,0.1176470588235294,Other IDR proteins
TM209_HUMAN,0.235294117647058,0.1176470588235294,Other IDR proteins
TB10A_HUMAN,0.156862745098039,0.1176470588235294,Other IDR proteins
NU153_HUMAN,0.209205020920502,0.1171548117154812,Other IDR proteins
ZO2_HUMAN,0.14963503649635,0.1167883211678832,Other IDR proteins
CYTSA_HUMAN,0.2,0.1166666666666667,Other IDR proteins
TITIN_HUMAN,0.116666666666666,0.1166666666666667,Other IDR proteins
PPIG_HUMAN,0.201739130434782,0.1165217391304348,Other IDR proteins
PKHA7_HUMAN,0.144927536231884,0.1159420289855072,Other IDR proteins
RGPD3_HUMAN,0.208092485549132,0.115606936416185,Other IDR proteins
IF5_HUMAN,0.115384615384615,0.1153846153846154,Other IDR proteins
TRIPB_HUMAN,0.211538461538461,0.1153846153846154,Other IDR proteins
FMNL2_HUMAN,0.269230769230769,0.1153846153846154,Other IDR proteins
CHD8_HUMAN,0.219780219780219,0.1153846153846154,Other IDR proteins
US6NL_HUMAN,0.186252771618625,0.1152993348115299,Other IDR proteins
EMAL4_HUMAN,0.176991150442477,0.1150442477876106,Other IDR proteins
MSH6_HUMAN,0.172413793103448,0.1149425287356322,Other IDR proteins
SNPH_HUMAN,0.344262295081967,0.1147540983606557,Other IDR proteins
SP16H_HUMAN,0.221311475409836,0.1147540983606557,Other IDR proteins
ATRX_HUMAN,0.174698795180722,0.1144578313253012,Other IDR proteins
LARP1_HUMAN,0.114285714285714,0.1142857142857143,Other IDR proteins
ZNRF2_HUMAN,0.185714285714285,0.1142857142857143,Other IDR proteins
SRCN1_HUMAN,0.157142857142857,0.1142857142857143,Other IDR proteins
PDS5B_HUMAN,0.147692307692307,0.1138461538461538,Other IDR proteins
MYO1E_HUMAN,0.146341463414634,0.1138211382113821,Other IDR proteins
TENS3_HUMAN,0.179545454545454,0.1136363636363636,Other IDR proteins
RBP56_HUMAN,0.168181818181818,0.1136363636363636,Other IDR proteins
SI1L1_HUMAN,0.220820189274447,0.1135646687697161,Other IDR proteins
NAV1_HUMAN,0.241134751773049,0.1134751773049645,Other IDR proteins
CK096_HUMAN,0.144329896907216,0.1134020618556701,Other IDR proteins
AFAP1_HUMAN,0.164948453608247,0.1134020618556701,Other IDR proteins
KI20A_HUMAN,0.113207547169811,0.1132075471698113,Other IDR proteins
RB15B_HUMAN,0.179245283018867,0.1132075471698113,Other IDR proteins
SMC4_HUMAN,0.132075471698113,0.1132075471698113,Other IDR proteins
PHLB2_HUMAN,0.221729490022172,0.1130820399113082,Other IDR proteins
AF9_HUMAN,0.296610169491525,0.1129943502824859,Other IDR proteins
TXLNA_HUMAN,0.14516129032258,0.1129032258064516,Other IDR proteins
RRP1B_HUMAN,0.112903225806451,0.1129032258064516,Other IDR proteins
KIFC3_HUMAN,0.193548387096774,0.1129032258064516,Other IDR proteins
NFIC_HUMAN,0.19172932330827,0.112781954887218,Other IDR proteins
CHD1_HUMAN,0.254901960784313,0.1127450980392157,Other IDR proteins
RFC1_HUMAN,0.183098591549295,0.1126760563380282,Other IDR proteins
NHSL1_HUMAN,0.239436619718309,0.1126760563380282,Other IDR proteins
LEO1_HUMAN,0.126760563380281,0.1126760563380282,Other IDR proteins
SPE39_HUMAN,0.205298013245033,0.1125827814569536,Other IDR proteins
RFIP1_HUMAN,0.16875,0.1125,Other IDR proteins
PAF1_HUMAN,0.2125,0.1125,Other IDR proteins
BI2L1_HUMAN,0.179775280898876,0.1123595505617977,Other IDR proteins
HMGA1_HUMAN,0.130841121495327,0.1121495327102804,Other IDR proteins
LARP1_HUMAN,0.132867132867132,0.1118881118881119,Other IDR proteins
MYPT1_HUMAN,0.177353342428376,0.111869031377899,Other IDR proteins
ZN326_HUMAN,0.200657894736842,0.1118421052631579,Other IDR proteins
CNOT2_HUMAN,0.191964285714285,0.1116071428571429,Other IDR proteins
TNC18_HUMAN,0.239175257731958,0.111340206185567,Other IDR proteins
CLAP2_HUMAN,0.142857142857142,0.1111111111111111,Other IDR proteins
FXR2_HUMAN,0.169934640522875,0.1111111111111111,Other IDR proteins
RNPS1_HUMAN,0.206349206349206,0.1111111111111111,Other IDR proteins
ALKB5_HUMAN,0.202020202020202,0.1111111111111111,Other IDR proteins
VASH2_HUMAN,0.148148148148148,0.1111111111111111,Other IDR proteins
RSRP1_HUMAN,0.35672514619883,0.1111111111111111,Other IDR proteins
CARF_HUMAN,0.356902356902356,0.1111111111111111,Other IDR proteins
RFIP5_HUMAN,0.188144329896907,0.1108247422680412,Other IDR proteins
ROA3_HUMAN,0.191860465116279,0.1104651162790698,Other IDR proteins
LRRF2_HUMAN,0.318897637795275,0.1102362204724409,Other IDR proteins
PCM1_HUMAN,0.12087912087912,0.1098901098901099,Other IDR proteins
DEMA_HUMAN,0.15727002967359,0.1097922848664688,Other IDR proteins
S7A6O_HUMAN,0.207317073170731,0.1097560975609756,Other IDR proteins
UBX2B_HUMAN,0.178082191780821,0.1095890410958904,Other IDR proteins
PCM1_HUMAN,0.136986301369863,0.1095890410958904,Other IDR proteins
TLK1_HUMAN,0.223809523809523,0.1095238095238095,Other IDR proteins
RGPD8_HUMAN,0.201149425287356,0.1091954022988506,Other IDR proteins
SKT_HUMAN,0.158450704225352,0.1091549295774648,Other IDR proteins
TPR_HUMAN,0.163636363636363,0.1090909090909091,Other IDR proteins
CASP7_HUMAN,0.127272727272727,0.1090909090909091,Other IDR proteins
KIF4A_HUMAN,0.132530120481927,0.108433734939759,Other IDR proteins
PRP4K_HUMAN,0.171962616822429,0.108411214953271,Other IDR proteins
CUL4B_HUMAN,0.283505154639175,0.1082474226804124,Other IDR proteins
TOIP1_HUMAN,0.164670658682634,0.1077844311377246,Other IDR proteins
LMO7_HUMAN,0.167701863354037,0.1076604554865424,Other IDR proteins
HNRH3_HUMAN,0.161290322580645,0.1075268817204301,Other IDR proteins
BCLF1_HUMAN,0.158878504672897,0.1074766355140187,Other IDR proteins
KC1E_HUMAN,0.107438016528925,0.1074380165289256,Other IDR proteins
SPTB1_HUMAN,0.178571428571428,0.1071428571428571,Other IDR proteins
CE170_HUMAN,0.179894179894179,0.1071428571428571,Other IDR proteins
NAV1_HUMAN,0.214285714285714,0.1071428571428571,Other IDR proteins
TITIN_HUMAN,0.214285714285714,0.1071428571428571,Other IDR proteins
NCOA5_HUMAN,0.149732620320855,0.106951871657754,Other IDR proteins
EPN2_HUMAN,0.174757281553398,0.1067961165048544,Other IDR proteins
OSBL8_HUMAN,0.16504854368932,0.1067961165048544,Other IDR proteins
SRBS1_HUMAN,0.233333333333333,0.1066666666666667,Other IDR proteins
ZO1_HUMAN,0.168280871670702,0.1065375302663438,Other IDR proteins
CENPC_HUMAN,0.185185185185185,0.1064814814814815,Other IDR proteins
RANB9_HUMAN,0.234042553191489,0.1063829787234043,Other IDR proteins
NUMA1_HUMAN,0.181818181818181,0.1060606060606061,Other IDR proteins
CTR9_HUMAN,0.151515151515151,0.1060606060606061,Other IDR proteins
PHF3_HUMAN,0.151515151515151,0.1060606060606061,Other IDR proteins
RALY_HUMAN,0.151515151515151,0.1060606060606061,Other IDR proteins
NPM_HUMAN,0.105960264900662,0.1059602649006623,Other IDR proteins
TBCD4_HUMAN,0.218430034129692,0.10580204778157,Other IDR proteins
SNPC4_HUMAN,0.217391304347826,0.1055900621118012,Other IDR proteins
ENL_HUMAN,0.228739002932551,0.1055718475073314,Other IDR proteins
NGAP_HUMAN,0.183734939759036,0.105421686746988,Other IDR proteins
PURA_HUMAN,0.140350877192982,0.1052631578947368,Other IDR proteins
KIF23_HUMAN,0.122807017543859,0.1052631578947368,Other IDR proteins
PHLP_HUMAN,0.19298245614035,0.1052631578947368,Other IDR proteins
F133B_HUMAN,0.218623481781376,0.1052631578947368,Other IDR proteins
LIN9_HUMAN,0.168421052631578,0.1052631578947368,Other IDR proteins
SPB1_HUMAN,0.147368421052631,0.1052631578947368,Other IDR proteins
HMHA1_HUMAN,0.149122807017543,0.1052631578947368,Other IDR proteins
BCR_HUMAN,0.163551401869158,0.1051401869158878,Other IDR proteins
MPRIP_HUMAN,0.176470588235294,0.1050420168067227,Other IDR proteins
DVL3_HUMAN,0.191358024691358,0.1049382716049383,Other IDR proteins
BRD1_HUMAN,0.112903225806451,0.1048387096774194,Other IDR proteins
PRP17_HUMAN,0.253731343283582,0.1044776119402985,Other IDR proteins
PTN13_HUMAN,0.203980099502487,0.1044776119402985,Other IDR proteins
CIR1_HUMAN,0.216867469879518,0.1044176706827309,Other IDR proteins
PARN_HUMAN,0.147826086956521,0.1043478260869565,Other IDR proteins
HTSF1_HUMAN,0.122994652406417,0.1042780748663102,Other IDR proteins
RBM14_HUMAN,0.244701348747591,0.1040462427745665,Other IDR proteins
NUP50_HUMAN,0.168831168831168,0.1038961038961039,Other IDR proteins
SMAP_HUMAN,0.147540983606557,0.1038251366120219,Other IDR proteins
ADDB_HUMAN,0.15566037735849,0.1037735849056604,Other IDR proteins
CDA7L_HUMAN,0.150943396226415,0.1037735849056604,Other IDR proteins
K1C16_HUMAN,0.232758620689655,0.103448275862069,Other IDR proteins
TITIN_HUMAN,0.183908045977011,0.103448275862069,Other IDR proteins
RGPD5_HUMAN,0.201149425287356,0.103448275862069,Other IDR proteins
NELFE_HUMAN,0.13095238095238,0.1031746031746032,Other IDR proteins
CRTC2_HUMAN,0.181818181818181,0.103030303030303,Other IDR proteins
ARFG1_HUMAN,0.175965665236051,0.1030042918454936,Other IDR proteins
T2EB_HUMAN,0.264705882352941,0.1029411764705882,Other IDR proteins
MAK16_HUMAN,0.121495327102803,0.102803738317757,Other IDR proteins
MRP_HUMAN,0.117948717948717,0.1025641025641026,Other IDR proteins
PHAG1_HUMAN,0.14334470989761,0.1023890784982935,Other IDR proteins
MCM2_HUMAN,0.102272727272727,0.1022727272727273,Other IDR proteins
ZN609_HUMAN,0.197080291970802,0.1021897810218978,Other IDR proteins
SMRC2_HUMAN,0.102189781021897,0.1021897810218978,Other IDR proteins
CBL_HUMAN,0.159144893111638,0.1021377672209026,Other IDR proteins
KHDR1_HUMAN,0.142857142857142,0.1020408163265306,Other IDR proteins
SRGP2_HUMAN,0.138888888888888,0.1018518518518518,Other IDR proteins
PLCB3_HUMAN,0.203389830508474,0.1016949152542373,Other IDR proteins
YTDC1_HUMAN,0.135593220338983,0.1016949152542373,Other IDR proteins
CDC5L_HUMAN,0.101694915254237,0.1016949152542373,Other IDR proteins
CCNL1_HUMAN,0.233502538071065,0.1015228426395939,Other IDR proteins
COBL1_HUMAN,0.144927536231884,0.1014492753623188,Other IDR proteins
NSE4A_HUMAN,0.188405797101449,0.1014492753623188,Other IDR proteins
LEO1_HUMAN,0.157746478873239,0.1014084507042254,Other IDR proteins
CPSF7_HUMAN,0.151898734177215,0.1012658227848101,Other IDR proteins
MACF1_HUMAN,0.20253164556962,0.1012658227848101,Other IDR proteins
NFAC1_HUMAN,0.157303370786516,0.101123595505618,Other IDR proteins
UBE2O_HUMAN,0.181818181818181,0.101010101010101,Other IDR proteins
LAR1B_HUMAN,0.15126050420168,0.1008403361344538,Other IDR proteins
TRI29_HUMAN,0.21476510067114,0.1006711409395973,Other IDR proteins
FA83B_HUMAN,0.165680473372781,0.1005917159763314,Other IDR proteins
PACS1_HUMAN,0.170854271356783,0.1005025125628141,Other IDR proteins
TLK2_HUMAN,0.157894736842105,0.1004784688995215,Other IDR proteins
ZEB2_HUMAN,0.13,0.1,Other IDR proteins
KIF4A_HUMAN,0.109090909090909,0.1,Other IDR proteins
K1C10_HUMAN,0.338461538461538,0.1,Other IDR proteins
ITPI2_HUMAN,0.14,0.1,Other IDR proteins
ZN318_HUMAN,0.228571428571428,0.1,Other IDR proteins
NP1L3_HUMAN,0.308333333333333,0.1,Other IDR proteins
LIMA1_HUMAN,0.216666666666666,0.1,Other IDR proteins
PACN2_HUMAN,0.209090909090909,0.1,Other IDR proteins
CD11A_HUMAN,0.1,0.1,Other IDR proteins
CENPF_HUMAN,0.135746606334841,0.09954751131221719,Other IDR proteins
MATR3_HUMAN,0.119402985074626,0.09950248756218906,Other IDR proteins
MORC2_HUMAN,0.119791666666666,0.09895833333333333,Other IDR proteins
AFAD_HUMAN,0.131868131868131,0.0989010989010989,Other IDR proteins
DEFI6_HUMAN,0.12087912087912,0.0989010989010989,Other IDR proteins
WDR44_HUMAN,0.111111111111111,0.09876543209876543,Other IDR proteins
BIN2_HUMAN,0.181528662420382,0.09872611464968153,Other IDR proteins
PSIP1_HUMAN,0.126760563380281,0.09859154929577464,Other IDR proteins
HNRPK_HUMAN,0.126760563380281,0.09859154929577464,Other IDR proteins
CAMP2_HUMAN,0.172413793103448,0.09852216748768473,Other IDR proteins
M4K4_HUMAN,0.131147540983606,0.09836065573770492,Other IDR proteins
RS27A_HUMAN,0.114754098360655,0.09836065573770492,Other IDR proteins
KMT2C_HUMAN,0.147540983606557,0.09836065573770492,Other IDR proteins
TBCD4_HUMAN,0.125,0.09821428571428571,Other IDR proteins
LIMA1_HUMAN,0.142857142857142,0.09821428571428571,Other IDR proteins
MSH6_HUMAN,0.190184049079754,0.09815950920245399,Other IDR proteins
EIF3J_HUMAN,0.117647058823529,0.09803921568627451,Other IDR proteins
HNRPC_HUMAN,0.176470588235294,0.09803921568627451,Other IDR proteins
PTEN_HUMAN,0.196078431372549,0.09803921568627451,Other IDR proteins
NFKB2_HUMAN,0.0980392156862745,0.09803921568627451,Other IDR proteins
SFSWA_HUMAN,0.137254901960784,0.09803921568627451,Other IDR proteins
TTC28_HUMAN,0.0980392156862745,0.09803921568627451,Other IDR proteins
BRD7_HUMAN,0.0980392156862745,0.09803921568627451,Other IDR proteins
KIF3A_HUMAN,0.0980392156862745,0.09803921568627451,Other IDR proteins
R3HD1_HUMAN,0.235555555555555,0.09777777777777778,Other IDR proteins
SCML2_HUMAN,0.214285714285714,0.09740259740259741,Other IDR proteins
BICD2_HUMAN,0.138888888888888,0.09722222222222222,Other IDR proteins
K1C15_HUMAN,0.174757281553398,0.0970873786407767,Other IDR proteins
HAUS6_HUMAN,0.16504854368932,0.0970873786407767,Other IDR proteins
SEN54_HUMAN,0.16504854368932,0.0970873786407767,Other IDR proteins
MAP1B_HUMAN,0.156712328767123,0.09698630136986301,Other IDR proteins
HJURP_HUMAN,0.185483870967741,0.0967741935483871,Other IDR proteins
PHAG1_HUMAN,0.193548387096774,0.0967741935483871,Other IDR proteins
CGNL1_HUMAN,0.144827586206896,0.09655172413793103,Other IDR proteins
CDK13_HUMAN,0.185878962536023,0.09654178674351585,Other IDR proteins
K1C14_HUMAN,0.25438596491228,0.09649122807017543,Other IDR proteins
IRS2_HUMAN,0.178227360308285,0.09633911368015415,Other IDR proteins
LIMA1_HUMAN,0.123711340206185,0.09621993127147767,Other IDR proteins
NSD2_HUMAN,0.115384615384615,0.09615384615384616,Other IDR proteins
HNRPC_HUMAN,0.10576923076923,0.09615384615384616,Other IDR proteins
K1C9_HUMAN,0.282051282051282,0.09615384615384616,Other IDR proteins
CP100_HUMAN,0.211538461538461,0.09615384615384616,Other IDR proteins
CDK12_HUMAN,0.134615384615384,0.09615384615384616,Other IDR proteins
BAZ1B_HUMAN,0.115384615384615,0.09615384615384616,Other IDR proteins
CT2NL_HUMAN,0.168,0.096,Other IDR proteins
UBP47_HUMAN,0.207070707070707,0.09595959595959595,Other IDR proteins
PEX14_HUMAN,0.150684931506849,0.0958904109589041,Other IDR proteins
PHC1_HUMAN,0.164383561643835,0.0958904109589041,Other IDR proteins
SRBS2_HUMAN,0.229166666666666,0.09583333333333334,Other IDR proteins
SYNPO_HUMAN,0.153674832962138,0.0957683741648107,Other IDR proteins
E41L2_HUMAN,0.127659574468085,0.09574468085106383,Other IDR proteins
TEX2_HUMAN,0.199999999999999,0.09574468085106383,Other IDR proteins
TP53B_HUMAN,0.138686131386861,0.09570154095701541,Other IDR proteins
T2FA_HUMAN,0.134328358208955,0.0955223880597015,Other IDR proteins
MRE11_HUMAN,0.202247191011235,0.09550561797752809,Other IDR proteins
TR150_HUMAN,0.168181818181818,0.09545454545454546,Other IDR proteins
GAB2_HUMAN,0.185251798561151,0.09532374100719425,Other IDR proteins
CENPF_HUMAN,0.238095238095238,0.09523809523809523,Other IDR proteins
LARP7_HUMAN,0.119047619047619,0.09523809523809523,Other IDR proteins
RGPD5_HUMAN,0.156462585034013,0.09523809523809523,Other IDR proteins
SRBS1_HUMAN,0.126984126984126,0.09523809523809523,Other IDR proteins
CAVN2_HUMAN,0.146245059288537,0.09486166007905138,Other IDR proteins
NRG2_HUMAN,0.318965517241379,0.09482758620689655,Other IDR proteins
NTAL_HUMAN,0.136842105263157,0.09473684210526316,Other IDR proteins
JUPI2_HUMAN,0.11578947368421,0.09473684210526316,Other IDR proteins
DVL2_HUMAN,0.189349112426035,0.09467455621301775,Other IDR proteins
TP53B_HUMAN,0.153153153153153,0.0945945945945946,Other IDR proteins
K2C4_HUMAN,0.141732283464566,0.09448818897637795,Other IDR proteins
RB15B_HUMAN,0.179245283018867,0.09433962264150944,Other IDR proteins
SRS12_HUMAN,0.30817610062893,0.09433962264150944,Core splicing protein
SRPK1_HUMAN,0.0943396226415094,0.09433962264150944,Other IDR proteins
CENPU_HUMAN,0.15983606557377,0.0942622950819672,Other IDR proteins
PHLB1_HUMAN,0.258823529411764,0.09411764705882353,Other IDR proteins
HIRP3_HUMAN,0.143529411764705,0.09411764705882353,Other IDR proteins
OTUD5_HUMAN,0.181208053691275,0.09395973154362416,Other IDR proteins
PARD3_HUMAN,0.160220994475138,0.09392265193370165,Other IDR proteins
ZEB1_HUMAN,0.1796875,0.09375,Other IDR proteins
TOP2B_HUMAN,0.122596153846153,0.09375,Other IDR proteins
M18BP_HUMAN,0.125,0.09375,Other IDR proteins
BCAR1_HUMAN,0.118987341772151,0.09367088607594937,Other IDR proteins
CE128_HUMAN,0.226666666666666,0.09333333333333334,Other IDR proteins
ZCH18_HUMAN,0.0977777777777777,0.09333333333333334,Other IDR proteins
MTCL1_HUMAN,0.146666666666666,0.09333333333333334,Other IDR proteins
MRCKB_HUMAN,0.153333333333333,0.09333333333333334,Other IDR proteins
NFAC3_HUMAN,0.186274509803921,0.09313725490196079,Other IDR proteins
CHD9_HUMAN,0.31578947368421,0.0931174089068826,Other IDR proteins
AP3D1_HUMAN,0.116279069767441,0.09302325581395349,Other IDR proteins
RGPD2_HUMAN,0.203488372093023,0.09302325581395349,Other IDR proteins
YBOX1_HUMAN,0.109289617486338,0.09289617486338798,Other IDR proteins
MPIP2_HUMAN,0.121428571428571,0.09285714285714286,Other IDR proteins
LARP4_HUMAN,0.11340206185567,0.09278350515463918,Other IDR proteins
SLAI2_HUMAN,0.14569536423841,0.09271523178807947,Other IDR proteins
NCOR1_HUMAN,0.203703703703703,0.09259259259259259,Other IDR proteins
TPPP_HUMAN,0.111111111111111,0.09259259259259259,Other IDR proteins
PERI_HUMAN,0.351851851851851,0.09259259259259259,Other IDR proteins
ERRFI_HUMAN,0.129629629629629,0.09259259259259259,Other IDR proteins
RGPD1_HUMAN,0.202312138728323,0.09248554913294797,Other IDR proteins
PKHA5_HUMAN,0.201680672268907,0.09243697478991597,Other IDR proteins
NU214_HUMAN,0.239852398523985,0.09225092250922509,Other IDR proteins
SR140_HUMAN,0.161383285302593,0.09221902017291066,Other IDR proteins
CCD61_HUMAN,0.219858156028368,0.09219858156028368,Other IDR proteins
OSBP1_HUMAN,0.118421052631578,0.09210526315789473,Other IDR proteins
RFC1_HUMAN,0.152631578947368,0.09210526315789473,Other IDR proteins
SRBP1_HUMAN,0.210526315789473,0.09210526315789473,Other IDR proteins
AT7L3_HUMAN,0.223684210526315,0.09210526315789473,Other IDR proteins
BUD13_HUMAN,0.134087237479806,0.09208400646203554,Other IDR proteins
BRD3_HUMAN,0.168,0.092,Other IDR proteins
RGPD3_HUMAN,0.137931034482758,0.09195402298850575,Other IDR proteins
DMD_HUMAN,0.172413793103448,0.09195402298850575,Other IDR proteins
NECT1_HUMAN,0.114942528735632,0.09195402298850575,Other IDR proteins
CROCC_HUMAN,0.183908045977011,0.09195402298850575,Other IDR proteins
DDX17_HUMAN,0.218390804597701,0.09195402298850575,Other IDR proteins
RBP2_HUMAN,0.142857142857142,0.09183673469387756,Other IDR proteins
SIR1_HUMAN,0.155963302752293,0.09174311926605505,Other IDR proteins
TOP2A_HUMAN,0.108882521489971,0.09169054441260745,Other IDR proteins
CHD1_HUMAN,0.116666666666666,0.09166666666666666,Other IDR proteins
SRCN1_HUMAN,0.183246073298429,0.09162303664921466,Other IDR proteins
LAR4B_HUMAN,0.146453089244851,0.09153318077803203,Other IDR proteins
MGRN1_HUMAN,0.18954248366013,0.0915032679738562,Other IDR proteins
PR38B_HUMAN,0.173202614379084,0.0915032679738562,Other IDR proteins
RGPD4_HUMAN,0.205714285714285,0.09142857142857143,Other IDR proteins
TCOF_HUMAN,0.141853932584269,0.09129213483146068,Other IDR proteins
SNP29_HUMAN,0.121212121212121,0.09090909090909091,Other IDR proteins
HNRPL_HUMAN,0.136363636363636,0.09090909090909091,Other IDR proteins
IF4B_HUMAN,0.131313131313131,0.09090909090909091,Other IDR proteins
TMF1_HUMAN,0.254545454545454,0.09090909090909091,Other IDR proteins
HNRL2_HUMAN,0.236363636363636,0.09090909090909091,Other IDR proteins
RHG21_HUMAN,0.129870129870129,0.09090909090909091,Other IDR proteins
BICD1_HUMAN,0.181818181818181,0.09090909090909091,Other IDR proteins
E41L1_HUMAN,0.102272727272727,0.09090909090909091,Other IDR proteins
FXR1_HUMAN,0.164609053497942,0.09053497942386832,Other IDR proteins
TRIO_HUMAN,0.186170212765957,0.09042553191489362,Other IDR proteins
CF047_HUMAN,0.138888888888888,0.09027777777777778,Other IDR proteins
MED1_HUMAN,0.24537037037037,0.09027777777777778,Other IDR proteins
MYT1L_HUMAN,0.263888888888888,0.09027777777777778,Other IDR proteins
FOSL2_HUMAN,0.221311475409836,0.09016393442622951,Other IDR proteins
HTF4_HUMAN,0.243243243243243,0.09009009009009009,Other IDR proteins
SEC62_HUMAN,0.126126126126126,0.09009009009009009,Other IDR proteins
TDIF2_HUMAN,0.19,0.09,Other IDR proteins
FKB15_HUMAN,0.131487889273356,0.08996539792387544,Other IDR proteins
NEST_HUMAN,0.105820105820105,0.08994708994708994,Other IDR proteins
RSF1_HUMAN,0.146608315098468,0.08971553610503283,Other IDR proteins
F117B_HUMAN,0.238805970149253,0.08955223880597014,Other IDR proteins
PACS2_HUMAN,0.164179104477611,0.08955223880597014,Other IDR proteins
BICD2_HUMAN,0.164179104477611,0.08955223880597014,Other IDR proteins
AF1L1_HUMAN,0.164179104477611,0.08955223880597014,Other IDR proteins
DDX21_HUMAN,0.119402985074626,0.08955223880597014,Other IDR proteins
LIMA1_HUMAN,0.164179104477611,0.08955223880597014,Other IDR proteins
KHDR1_HUMAN,0.136904761904761,0.08928571428571429,Other IDR proteins
SQSTM_HUMAN,0.125,0.08928571428571429,Other IDR proteins
FBP1L_HUMAN,0.0892857142857142,0.08928571428571429,Other IDR proteins
RPGP2_HUMAN,0.125,0.08928571428571429,Other IDR proteins
DGCR8_HUMAN,0.0892857142857142,0.08928571428571429,Other IDR proteins
BAD_HUMAN,0.172619047619047,0.08928571428571429,Other IDR proteins
BAZ1A_HUMAN,0.177966101694915,0.08898305084745763,Other IDR proteins
LAD1_HUMAN,0.145067698259187,0.08897485493230174,Other IDR proteins
NUP98_HUMAN,0.111111111111111,0.08888888888888889,Other IDR proteins
LIMD1_HUMAN,0.169712793733681,0.08877284595300261,Other IDR proteins
LYRIC_HUMAN,0.133962264150943,0.08867924528301886,Other IDR proteins
SASH1_HUMAN,0.151898734177215,0.08860759493670886,Other IDR proteins
TITIN_HUMAN,0.126582278481012,0.08860759493670886,Other IDR proteins
GNL3_HUMAN,0.113924050632911,0.08860759493670886,Other IDR proteins
RGPD8_HUMAN,0.156462585034013,0.08843537414965986,Other IDR proteins
BAZ1B_HUMAN,0.143646408839779,0.08839779005524862,Other IDR proteins
APC_HUMAN,0.284313725490196,0.08823529411764706,Other IDR proteins
CCNL2_HUMAN,0.254901960784313,0.08823529411764706,Other IDR proteins
PDZD2_HUMAN,0.216,0.088,Other IDR proteins
APC_HUMAN,0.21,0.088,Other IDR proteins
CBX5_HUMAN,0.128,0.088,Other IDR proteins
CE170_HUMAN,0.12037037037037,0.08796296296296297,Other IDR proteins
PARD3_HUMAN,0.143070044709388,0.08792846497764531,Other IDR proteins
TDIF2_HUMAN,0.162087912087912,0.08791208791208792,Other IDR proteins
GAPD1_HUMAN,0.156140350877192,0.08771929824561403,Other IDR proteins
HIRP3_HUMAN,0.140350877192982,0.08771929824561403,Other IDR proteins
RPGF1_HUMAN,0.152542372881355,0.08757062146892655,Other IDR proteins
AF1L2_HUMAN,0.175,0.0875,Other IDR proteins
PARD3_HUMAN,0.2375,0.0875,Other IDR proteins
SCRIB_HUMAN,0.0988505747126436,0.08735632183908046,Other IDR proteins
NCOR1_HUMAN,0.179894179894179,0.0873015873015873,Other IDR proteins
KDIS_HUMAN,0.195767195767195,0.0873015873015873,Other IDR proteins
CLASR_HUMAN,0.222011385199241,0.0872865275142315,Other IDR proteins
DYST_HUMAN,0.178899082568807,0.0871559633027523,Other IDR proteins
NAV1_HUMAN,0.196721311475409,0.08701134930643127,Other IDR proteins
ACINU_HUMAN,0.143851508120649,0.08700696055684455,Other IDR proteins
NFM_HUMAN,0.369565217391304,0.08695652173913043,Other IDR proteins
ALKB5_HUMAN,0.159420289855072,0.08695652173913043,Other IDR proteins
FIP1_HUMAN,0.101449275362318,0.08695652173913043,Other IDR proteins
LUZP1_HUMAN,0.149068322981366,0.08695652173913043,Other IDR proteins
SMCE1_HUMAN,0.17391304347826,0.08695652173913043,Other IDR proteins
RBMX2_HUMAN,0.190217391304347,0.08695652173913043,Other IDR proteins
PCM1_HUMAN,0.177083333333333,0.08680555555555555,Other IDR proteins
SYTL4_HUMAN,0.133333333333333,0.08666666666666667,Other IDR proteins
SAMN1_HUMAN,0.193333333333333,0.08666666666666667,Other IDR proteins
HP1B3_HUMAN,0.125984251968503,0.08661417322834646,Other IDR proteins
PTN12_HUMAN,0.142458100558659,0.08659217877094973,Other IDR proteins
HDGR2_HUMAN,0.144312393887945,0.0865874363327674,Other IDR proteins
CPZIP_HUMAN,0.108173076923076,0.08653846153846154,Other IDR proteins
PHF10_HUMAN,0.160493827160493,0.08641975308641975,Other IDR proteins
RECQ5_HUMAN,0.189655172413793,0.08620689655172414,Other IDR proteins
SPRE2_HUMAN,0.183908045977011,0.08620689655172414,Other IDR proteins
ADNP_HUMAN,0.120689655172413,0.08620689655172414,Other IDR proteins
HMGB2_HUMAN,0.110047846889952,0.0861244019138756,Other IDR proteins
HDAC1_HUMAN,0.086021505376344,0.08602150537634409,Other IDR proteins
OSBL5_HUMAN,0.129032258064516,0.08602150537634409,Other IDR proteins
ITPI2_HUMAN,0.1796875,0.0859375,Other IDR proteins
GMIP_HUMAN,0.1484375,0.0859375,Other IDR proteins
TB10B_HUMAN,0.0981595092024539,0.08588957055214724,Other IDR proteins
U3IP2_HUMAN,0.0952380952380952,0.08571428571428572,Other IDR proteins
SRP72_HUMAN,0.107142857142857,0.08571428571428572,Other IDR proteins
OBI1_HUMAN,0.211428571428571,0.08571428571428572,Other IDR proteins
TDRD3_HUMAN,0.152416356877323,0.08550185873605948,Other IDR proteins
YBOX3_HUMAN,0.115577889447236,0.08542713567839195,Other IDR proteins
SMCA2_HUMAN,0.109756097560975,0.08536585365853659,Other IDR proteins
PHRF1_HUMAN,0.182926829268292,0.08536585365853659,Other IDR proteins
RCC2_HUMAN,0.0975609756097561,0.08536585365853659,Other IDR proteins
TFE3_HUMAN,0.147286821705426,0.08527131782945736,Other IDR proteins
PCM1_HUMAN,0.13953488372093,0.08527131782945736,Other IDR proteins
LUC7L_HUMAN,0.209302325581395,0.08527131782945736,Other IDR proteins
MELPH_HUMAN,0.143617021276595,0.0851063829787234,Other IDR proteins
TB182_HUMAN,0.133603238866396,0.08502024291497975,Other IDR proteins
IRS1_HUMAN,0.187308085977482,0.0849539406345957,Other IDR proteins
RUNX1_HUMAN,0.216216216216216,0.08494208494208494,Other IDR proteins
FL2D_HUMAN,0.224242424242424,0.08484848484848485,Other IDR proteins
K2C71_HUMAN,0.203389830508474,0.0847457627118644,Other IDR proteins
RTF2_HUMAN,0.177966101694915,0.0847457627118644,Other IDR proteins
F117B_HUMAN,0.156351791530944,0.08469055374592833,Other IDR proteins
HORN_HUMAN,0.38394478750454,0.08463494369778424,Other IDR proteins
JPH2_HUMAN,0.169230769230769,0.08461538461538462,Other IDR proteins
ZN768_HUMAN,0.153846153846153,0.08461538461538462,Other IDR proteins
ADDG_HUMAN,0.146153846153846,0.08461538461538462,Other IDR proteins
KI21A_HUMAN,0.197183098591549,0.08450704225352113,Other IDR proteins
DIAP1_HUMAN,0.132530120481927,0.08433734939759036,Other IDR proteins
ANS1A_HUMAN,0.126315789473684,0.08421052631578947,Other IDR proteins
LUZP1_HUMAN,0.1509900990099,0.08415841584158416,Other IDR proteins
GTSE1_HUMAN,0.150684931506849,0.0839041095890411,Other IDR proteins
SHB_HUMAN,0.192546583850931,0.08385093167701864,Other IDR proteins
EPB41_HUMAN,0.108374384236453,0.08374384236453201,Other IDR proteins
IF4G1_HUMAN,0.123348017621145,0.08370044052863436,Other IDR proteins
R113A_HUMAN,0.104166666666666,0.08333333333333333,Other IDR proteins
BNI3L_HUMAN,0.174242424242424,0.08333333333333333,Other IDR proteins
WIZ_HUMAN,0.106060606060606,0.08333333333333333,Other IDR proteins
FIBA_HUMAN,0.196969696969697,0.08333333333333333,Other IDR proteins
K1C10_HUMAN,0.263888888888888,0.08333333333333333,Other IDR proteins
LAP2A_HUMAN,0.18859649122807,0.08333333333333333,Other IDR proteins
HD_HUMAN,0.2,0.08333333333333333,Other IDR proteins
KIF23_HUMAN,0.147435897435897,0.08333333333333333,Other IDR proteins
NHRF2_HUMAN,0.13095238095238,0.08333333333333333,Other IDR proteins
TENS3_HUMAN,0.136363636363636,0.08333333333333333,Other IDR proteins
YAF2_HUMAN,0.166666666666666,0.08333333333333333,Other IDR proteins
CK5P2_HUMAN,0.142857142857142,0.08333333333333333,Other IDR proteins
BC11B_HUMAN,0.105555555555555,0.08333333333333333,Other IDR proteins
GO45_HUMAN,0.15,0.08333333333333333,Other IDR proteins
DHX36_HUMAN,0.116666666666666,0.08333333333333333,Other IDR proteins
CAPAM_HUMAN,0.119047619047619,0.08333333333333333,Other IDR proteins
PKHA5_HUMAN,0.138888888888888,0.08333333333333333,Other IDR proteins
ANLN_HUMAN,0.15625,0.08333333333333333,Other IDR proteins
FRM4A_HUMAN,0.230031948881789,0.08306709265175719,Other IDR proteins
EHBP1_HUMAN,0.178423236514522,0.08298755186721991,Other IDR proteins
UBP2L_HUMAN,0.239639639639639,0.08288288288288288,Other IDR proteins
DAXX_HUMAN,0.165680473372781,0.08284023668639054,Other IDR proteins
IASPP_HUMAN,0.124172185430463,0.08278145695364239,Other IDR proteins
PHLB1_HUMAN,0.167883211678832,0.0827250608272506,Other IDR proteins
HMHA1_HUMAN,0.132231404958677,0.08264462809917356,Other IDR proteins
HAUS8_HUMAN,0.164948453608247,0.08247422680412371,Other IDR proteins
NANOG_HUMAN,0.185567010309278,0.08247422680412371,Other IDR proteins
AFF4_HUMAN,0.223830734966592,0.08240534521158129,Other IDR proteins
RPRD2_HUMAN,0.201704545454545,0.08238636363636363,Other IDR proteins
HD_HUMAN,0.188235294117647,0.08235294117647059,Other IDR proteins
PAR3L_HUMAN,0.117647058823529,0.08235294117647059,Other IDR proteins
CP131_HUMAN,0.145098039215686,0.08235294117647059,Other IDR proteins
TRIPC_HUMAN,0.178082191780821,0.0821917808219178,Other IDR proteins
CAVN1_HUMAN,0.081967213114754,0.08196721311475409,Other IDR proteins
RBP2_HUMAN,0.175438596491228,0.08187134502923976,Other IDR proteins
SPD2A_HUMAN,0.20281690140845,0.08169014084507042,Other IDR proteins
ARHG8_HUMAN,0.142857142857142,0.08163265306122448,Other IDR proteins
TNR6A_HUMAN,0.244897959183673,0.08163265306122448,Other IDR proteins
ICE1_HUMAN,0.133333333333333,0.08148148148148149,Other IDR proteins
K2C6B_HUMAN,0.325581395348837,0.08139534883720931,Other IDR proteins
HJURP_HUMAN,0.209302325581395,0.08139534883720931,Other IDR proteins
CDV3_HUMAN,0.104651162790697,0.08139534883720931,Other IDR proteins
RIF1_HUMAN,0.136778115501519,0.08130699088145897,Other IDR proteins
CA226_HUMAN,0.154471544715447,0.08130081300813008,Other IDR proteins
MTCL1_HUMAN,0.136752136752136,0.0811965811965812,Other IDR proteins
DEK_HUMAN,0.0945945945945946,0.08108108108108109,Other IDR proteins
TISD_HUMAN,0.153153153153153,0.08108108108108109,Other IDR proteins
RBP1_HUMAN,0.102702702702702,0.08108108108108109,Other IDR proteins
ZC3HD_HUMAN,0.139684813753581,0.08094555873925502,Other IDR proteins
TBCD5_HUMAN,0.213235294117647,0.08088235294117647,Other IDR proteins
CAPR1_HUMAN,0.101010101010101,0.08080808080808081,Other IDR proteins
TRAD1_HUMAN,0.155913978494623,0.08064516129032258,Other IDR proteins
BCAR1_HUMAN,0.161290322580645,0.08064516129032258,Other IDR proteins
RPGP2_HUMAN,0.213709677419354,0.08064516129032258,Other IDR proteins
HJURP_HUMAN,0.129032258064516,0.08064516129032258,Other IDR proteins
LIPB2_HUMAN,0.177419354838709,0.08064516129032258,Other IDR proteins
K1C9_HUMAN,0.268456375838926,0.08053691275167785,Other IDR proteins
NOL8_HUMAN,0.181208053691275,0.08053691275167785,Other IDR proteins
K2C6C_HUMAN,0.32183908045977,0.08045977011494253,Other IDR proteins
RBM10_HUMAN,0.104938271604938,0.08024691358024691,Other IDR proteins
SR140_HUMAN,0.146226415094339,0.08018867924528301,Other IDR proteins
DOK2_HUMAN,0.12,0.08,Other IDR proteins
LMX1B_HUMAN,0.18,0.08,Other IDR proteins
HNF1B_HUMAN,0.1,0.08,Other IDR proteins
ROA0_HUMAN,0.256,0.08,Other IDR proteins
CAPR1_HUMAN,0.16,0.08,Other IDR proteins
N42L1_HUMAN,0.16,0.08,Other IDR proteins
CARL1_HUMAN,0.134,0.08,Other IDR proteins
MILK2_HUMAN,0.0933333333333333,0.08,Other IDR proteins
NUSAP_HUMAN,0.144,0.08,Other IDR proteins
TBD2B_HUMAN,0.08,0.08,Other IDR proteins
CD2AP_HUMAN,0.12,0.08,Other IDR proteins
NCBP3_HUMAN,0.156146179401993,0.07973421926910298,Other IDR proteins
K2C75_HUMAN,0.210144927536231,0.07971014492753623,Other IDR proteins
ANK3_HUMAN,0.144278606965174,0.07960199004975124,Other IDR proteins
K2C6A_HUMAN,0.318181818181818,0.07954545454545454,Other IDR proteins
NKAP_HUMAN,0.204819277108433,0.07951807228915662,Other IDR proteins
GNL1_HUMAN,0.111111111111111,0.07936507936507936,Other IDR proteins
RABE1_HUMAN,0.182539682539682,0.07936507936507936,Other IDR proteins
PIN1_HUMAN,0.168316831683168,0.07920792079207921,Other IDR proteins
HTF4_HUMAN,0.237410071942446,0.07913669064748201,Other IDR proteins
HMGB1_HUMAN,0.0837209302325581,0.07906976744186046,Other IDR proteins
SMCA5_HUMAN,0.157894736842105,0.07894736842105263,Other IDR proteins
SMCA4_HUMAN,0.105263157894736,0.07894736842105263,Other IDR proteins
ZFHX3_HUMAN,0.171052631578947,0.07894736842105263,Other IDR proteins
SAFB1_HUMAN,0.12807881773399,0.07881773399014778,Other IDR proteins
SNIP1_HUMAN,0.127272727272727,0.07878787878787878,Other IDR proteins
MYPT2_HUMAN,0.202054794520547,0.07876712328767123,Other IDR proteins
TM209_HUMAN,0.283464566929133,0.07874015748031496,Other IDR proteins
RASL3_HUMAN,0.0786516853932584,0.07865168539325842,Other IDR proteins
RILP_HUMAN,0.157303370786516,0.07865168539325842,Other IDR proteins
SSRP1_HUMAN,0.202479338842975,0.07851239669421488,Other IDR proteins
NFAC1_HUMAN,0.209150326797385,0.0784313725490196,Other IDR proteins
TTC4_HUMAN,0.117647058823529,0.0784313725490196,Other IDR proteins
RRP1_HUMAN,0.137254901960784,0.0784313725490196,Other IDR proteins
LSM11_HUMAN,0.156862745098039,0.0784313725490196,Other IDR proteins
RBM10_HUMAN,0.137254901960784,0.0784313725490196,Other IDR proteins
CE350_HUMAN,0.117647058823529,0.0784313725490196,Other IDR proteins
ZHANG_HUMAN,0.117647058823529,0.0784313725490196,Other IDR proteins
PHIP_HUMAN,0.130548302872062,0.0783289817232376,Other IDR proteins
DLG5_HUMAN,0.180327868852459,0.07832422586520947,Other IDR proteins
AKNA_HUMAN,0.165217391304347,0.0782608695652174,Other IDR proteins
AFAP1_HUMAN,0.113043478260869,0.0782608695652174,Other IDR proteins
SNUT1_HUMAN,0.125,0.078125,Other IDR proteins
SKAP2_HUMAN,0.15625,0.078125,Other IDR proteins
TRIO_HUMAN,0.125,0.078125,Other IDR proteins
OCLN_HUMAN,0.15625,0.078125,Other IDR proteins
CSPP1_HUMAN,0.15625,0.078125,Other IDR proteins
C170B_HUMAN,0.125,0.078125,Other IDR proteins
FIBA_HUMAN,0.219512195121951,0.07804878048780488,Other IDR proteins
ADDA_HUMAN,0.105504587155963,0.0779816513761468,Other IDR proteins
SC16A_HUMAN,0.169798190675017,0.0779401530967293,Other IDR proteins
SCAFB_HUMAN,0.155872667398463,0.07793633369923161,Other IDR proteins
K1143_HUMAN,0.11038961038961,0.07792207792207792,Other IDR proteins
POP1_HUMAN,0.116883116883116,0.07792207792207792,Other IDR proteins
STBD1_HUMAN,0.120622568093385,0.07782101167315175,Other IDR proteins
TRIO_HUMAN,0.214814814814814,0.07777777777777778,Other IDR proteins
CLK3_HUMAN,0.180212014134275,0.07773851590106007,Other IDR proteins
ERF_HUMAN,0.176165803108808,0.07772020725388601,Other IDR proteins
NCOR1_HUMAN,0.153238546603475,0.07740916271721959,Other IDR proteins
MAGD2_HUMAN,0.117647058823529,0.07720588235294118,Other IDR proteins
SMCA5_HUMAN,0.107692307692307,0.07692307692307693,Other IDR proteins
HNRC1_HUMAN,0.173076923076923,0.07692307692307693,Other IDR proteins
CENPE_HUMAN,0.163461538461538,0.07692307692307693,Other IDR proteins
RING1_HUMAN,0.115384615384615,0.07692307692307693,Other IDR proteins
PAK2_HUMAN,0.0879120879120879,0.07692307692307693,Other IDR proteins
RBMS2_HUMAN,0.25,0.07692307692307693,Other IDR proteins
OCLN_HUMAN,0.211538461538461,0.07692307692307693,Other IDR proteins
CKP2L_HUMAN,0.134615384615384,0.07692307692307693,Other IDR proteins
F149B_HUMAN,0.292307692307692,0.07692307692307693,Other IDR proteins
MCRS1_HUMAN,0.2,0.07692307692307693,Other IDR proteins
TTC14_HUMAN,0.218934911242603,0.07692307692307693,Other IDR proteins
CAAP1_HUMAN,0.102564102564102,0.07692307692307693,Other IDR proteins
NHSL3_HUMAN,0.167832167832167,0.07692307692307693,Other IDR proteins
CHD7_HUMAN,0.115384615384615,0.07692307692307693,Other IDR proteins
SEPT9_HUMAN,0.117216117216117,0.07692307692307693,Other IDR proteins
DAB2P_HUMAN,0.147492625368731,0.07669616519174041,Other IDR proteins
RHG32_HUMAN,0.144171779141104,0.07668711656441718,Other IDR proteins
WEE1_HUMAN,0.128919860627177,0.07665505226480836,Other IDR proteins
HNRPQ_HUMAN,0.168367346938775,0.07653061224489796,Other IDR proteins
SI1L3_HUMAN,0.173174872665534,0.07640067911714771,Other IDR proteins
RGPD1_HUMAN,0.145833333333333,0.0763888888888889,Other IDR proteins
RGPD2_HUMAN,0.145833333333333,0.0763888888888889,Other IDR proteins
SRRT_HUMAN,0.125,0.0763888888888889,Other IDR proteins
PKHA7_HUMAN,0.142857142857142,0.0761904761904762,Other IDR proteins
MTSS2_HUMAN,0.223587223587223,0.07616707616707617,Other IDR proteins
ANLN_HUMAN,0.142131979695431,0.07614213197969544,Other IDR proteins
KSR1_HUMAN,0.181286549707602,0.07602339181286549,Other IDR proteins
PF21A_HUMAN,0.139240506329113,0.0759493670886076,Other IDR proteins
FUBP3_HUMAN,0.172413793103448,0.07586206896551724,Other IDR proteins
ZBT22_HUMAN,0.121212121212121,0.07575757575757576,Other IDR proteins
CD2B2_HUMAN,0.106060606060606,0.07575757575757576,Other IDR proteins
BAG3_HUMAN,0.151515151515151,0.07575757575757576,Other IDR proteins
MTCL3_HUMAN,0.136363636363636,0.07575757575757576,Other IDR proteins
E41L1_HUMAN,0.0757575757575757,0.07575757575757576,Other IDR proteins
ARP21_HUMAN,0.257575757575757,0.07575757575757576,Other IDR proteins
CC14A_HUMAN,0.243243243243243,0.07567567567567568,Other IDR proteins
FUS_HUMAN,0.309352517985611,0.07553956834532374,Other IDR proteins
SCG2_HUMAN,0.132075471698113,0.07547169811320754,Other IDR proteins
SNW1_HUMAN,0.169811320754716,0.07547169811320754,Other IDR proteins
KLC3_HUMAN,0.0943396226415094,0.07547169811320754,Other IDR proteins
MA7D3_HUMAN,0.169811320754716,0.07547169811320754,Other IDR proteins
STK33_HUMAN,0.160377358490566,0.07547169811320754,Other IDR proteins
SCML2_HUMAN,0.169811320754716,0.07547169811320754,Other IDR proteins
BRE1A_HUMAN,0.123287671232876,0.07534246575342465,Other IDR proteins
MAST3_HUMAN,0.217573221757322,0.07531380753138076,Other IDR proteins
MARCS_HUMAN,0.0963855421686747,0.07530120481927711,Other IDR proteins
F10C1_HUMAN,0.193548387096774,0.07526881720430108,Other IDR proteins
ING3_HUMAN,0.365591397849462,0.07526881720430108,Other IDR proteins
SPD2A_HUMAN,0.12781954887218,0.07518796992481203,Other IDR proteins
ITPI2_HUMAN,0.171912832929782,0.07506053268765134,Other IDR proteins
ABRX1_HUMAN,0.15,0.075,Other IDR proteins
SNR27_HUMAN,0.170068027210884,0.07482993197278912,Other IDR proteins
APBA1_HUMAN,0.124434389140271,0.0746606334841629,Other IDR proteins
SI1L1_HUMAN,0.189440993788819,0.07453416149068323,Other IDR proteins
GRDN_HUMAN,0.184313725490196,0.07450980392156863,Other IDR proteins
DKC1_HUMAN,0.0851063829787234,0.07446808510638298,Other IDR proteins
HNRPD_HUMAN,0.276595744680851,0.07446808510638298,Other IDR proteins
THOC2_HUMAN,0.146401985111662,0.07444168734491315,Other IDR proteins
RHG21_HUMAN,0.172211350293542,0.07436399217221135,Other IDR proteins
GPTC8_HUMAN,0.219101123595505,0.07415730337078652,Other IDR proteins
DDX3Y_HUMAN,0.296296296296296,0.07407407407407407,Other IDR proteins
NFAC3_HUMAN,0.19047619047619,0.07407407407407407,Other IDR proteins
CBX3_HUMAN,0.0888888888888888,0.07407407407407407,Other IDR proteins
CDK13_HUMAN,0.148148148148148,0.07407407407407407,Other IDR proteins
TRIPC_HUMAN,0.201388888888888,0.07407407407407407,Other IDR proteins
NUFP2_HUMAN,0.162962962962962,0.07407407407407407,Other IDR proteins
WAC_HUMAN,0.201058201058201,0.07407407407407407,Other IDR proteins
GTPB4_HUMAN,0.0925925925925925,0.07407407407407407,Other IDR proteins
I2BPL_HUMAN,0.129629629629629,0.07407407407407407,Other IDR proteins
ZCC17_HUMAN,0.135802469135802,0.07407407407407407,Other IDR proteins
NDE1_HUMAN,0.259259259259259,0.07407407407407407,Other IDR proteins
ASH2L_HUMAN,0.148148148148148,0.07407407407407407,Other IDR proteins
REPS1_HUMAN,0.135467980295566,0.07389162561576355,Other IDR proteins
WIZ_HUMAN,0.122950819672131,0.07377049180327869,Other IDR proteins
RREB1_HUMAN,0.10655737704918,0.07377049180327869,Other IDR proteins
TXLNG_HUMAN,0.081967213114754,0.07377049180327869,Other IDR proteins
NOL8_HUMAN,0.136842105263157,0.07368421052631578,Other IDR proteins
SHSA7_HUMAN,0.191176470588235,0.07352941176470588,Other IDR proteins
LAP2A_HUMAN,0.147058823529411,0.07352941176470588,Other IDR proteins
ESIP1_HUMAN,0.13235294117647,0.07352941176470588,Other IDR proteins
NCOR1_HUMAN,0.180790960451977,0.07344632768361582,Other IDR proteins
MIER1_HUMAN,0.152542372881355,0.07344632768361582,Other IDR proteins
NFH_HUMAN,0.0929853181076672,0.0734094616639478,Other IDR proteins
ARHGB_HUMAN,0.174311926605504,0.07339449541284404,Other IDR proteins
TB10A_HUMAN,0.10091743119266,0.07339449541284404,Other IDR proteins
CEP43_HUMAN,0.158301158301158,0.07335907335907337,Other IDR proteins
LC7L3_HUMAN,0.170731707317073,0.07317073170731707,Other IDR proteins
RAPH1_HUMAN,0.158536585365853,0.07317073170731707,Other IDR proteins
SH2D3_HUMAN,0.214634146341463,0.07317073170731707,Other IDR proteins
H14_HUMAN,0.0776255707762557,0.0730593607305936,Other IDR proteins
AKP13_HUMAN,0.123287671232876,0.0730593607305936,Other IDR proteins
ATRX_HUMAN,0.14697926059513,0.07303877366997295,Other IDR proteins
SR1IP_HUMAN,0.160583941605839,0.072992700729927,Other IDR proteins
ESF1_HUMAN,0.133738601823708,0.0729483282674772,Other IDR proteins
CENPF_HUMAN,0.127272727272727,0.07272727272727272,Other IDR proteins
SFSWA_HUMAN,0.170454545454545,0.07272727272727272,Other IDR proteins
KIF4B_HUMAN,0.118181818181818,0.07272727272727272,Other IDR proteins
TDIF2_HUMAN,0.109090909090909,0.07272727272727272,Other IDR proteins
MUC21_HUMAN,0.109090909090909,0.07272727272727272,Other IDR proteins
NAV2_HUMAN,0.236363636363636,0.07272727272727272,Other IDR proteins
YTDC1_HUMAN,0.172727272727272,0.07272727272727272,Other IDR proteins
HECW2_HUMAN,0.163636363636363,0.07272727272727272,Other IDR proteins
SRP68_HUMAN,0.0909090909090909,0.07272727272727272,Other IDR proteins
SRFB1_HUMAN,0.145328719723183,0.0726643598615917,Other IDR proteins
KDM5A_HUMAN,0.225806451612903,0.07258064516129033,Other IDR proteins
GCFC2_HUMAN,0.150259067357512,0.07253886010362694,Other IDR proteins
NU153_HUMAN,0.187311178247734,0.07250755287009064,Other IDR proteins
SH3K1_HUMAN,0.129909365558912,0.07250755287009064,Other IDR proteins
ERF3A_HUMAN,0.101449275362318,0.07246376811594203,Other IDR proteins
DDX5_HUMAN,0.181159420289855,0.07246376811594203,Other IDR proteins
BAG6_HUMAN,0.159420289855072,0.07246376811594203,Other IDR proteins
PACS1_HUMAN,0.17391304347826,0.07246376811594203,Other IDR proteins
SMRC1_HUMAN,0.0869565217391304,0.07246376811594203,Other IDR proteins
GOPC_HUMAN,0.115942028985507,0.07246376811594203,Other IDR proteins
GANP_HUMAN,0.16867469879518,0.07228915662650602,Other IDR proteins
M18BP_HUMAN,0.108433734939759,0.07228915662650602,Other IDR proteins
RTF1_HUMAN,0.144578313253012,0.07228915662650602,Other IDR proteins
RSRC1_HUMAN,0.189759036144578,0.07228915662650602,Other IDR proteins
SLAI2_HUMAN,0.301204819277108,0.07228915662650602,Other IDR proteins
KS6C1_HUMAN,0.141666666666666,0.07222222222222222,Other IDR proteins
DLGP4_HUMAN,0.216606498194945,0.07220216606498195,Other IDR proteins
XPC_HUMAN,0.175675675675675,0.07207207207207207,Other IDR proteins
CE350_HUMAN,0.16546762589928,0.07194244604316546,Other IDR proteins
P66A_HUMAN,0.129496402877697,0.07194244604316546,Other IDR proteins
RASL3_HUMAN,0.115107913669064,0.07194244604316546,Other IDR proteins
SLAI1_HUMAN,0.212230215827338,0.07194244604316546,Other IDR proteins
MYO9B_HUMAN,0.114606741573033,0.07191011235955057,Other IDR proteins
SRGP3_HUMAN,0.183006535947712,0.0718954248366013,Other IDR proteins
MTCL2_HUMAN,0.18954248366013,0.0718954248366013,Other IDR proteins
ADNP_HUMAN,0.220994475138121,0.0718232044198895,Other IDR proteins
GEMI_HUMAN,0.124401913875598,0.07177033492822966,Other IDR proteins
E41L2_HUMAN,0.0941704035874439,0.07174887892376682,Other IDR proteins
BLM_HUMAN,0.16591928251121,0.07174887892376682,Other IDR proteins
SON_HUMAN,0.191402251791197,0.07164790174002048,Other IDR proteins
SYNRG_HUMAN,0.178817056396148,0.07152682255845942,Other IDR proteins
RU17_HUMAN,0.0912698412698412,0.07142857142857142,Other IDR proteins
MPIP2_HUMAN,0.0857142857142857,0.07142857142857142,Other IDR proteins
CENPF_HUMAN,0.116071428571428,0.07142857142857142,Other IDR proteins
U119A_HUMAN,0.125,0.07142857142857142,Other IDR proteins
MED1_HUMAN,0.160714285714285,0.07142857142857142,Other IDR proteins
CE170_HUMAN,0.13095238095238,0.07142857142857142,Other IDR proteins
M18BP_HUMAN,0.10204081632653,0.07142857142857142,Other IDR proteins
CCD25_HUMAN,0.125,0.07142857142857142,Other IDR proteins
MALD2_HUMAN,0.142857142857142,0.07142857142857142,Other IDR proteins
CSKI2_HUMAN,0.128571428571428,0.07142857142857142,Other IDR proteins
UIMC1_HUMAN,0.142857142857142,0.07142857142857142,Other IDR proteins
ROAA_HUMAN,0.275510204081632,0.07142857142857142,Other IDR proteins
AKAP9_HUMAN,0.25,0.07142857142857142,Other IDR proteins
DDX50_HUMAN,0.285714285714285,0.07142857142857142,Other IDR proteins
DIDO1_HUMAN,0.186813186813186,0.07142857142857142,Other IDR proteins
PHAX_HUMAN,0.142857142857142,0.07142857142857142,Other IDR proteins
SYBU_HUMAN,0.265873015873015,0.07142857142857142,Other IDR proteins
ZMYD8_HUMAN,0.154761904761904,0.07142857142857142,Other IDR proteins
SOX13_HUMAN,0.142857142857142,0.07142857142857142,Other IDR proteins
SYNE2_HUMAN,0.154838709677419,0.07096774193548387,Other IDR proteins
CLOCK_HUMAN,0.228346456692913,0.07086614173228346,Other IDR proteins
DDX50_HUMAN,0.149606299212598,0.07086614173228346,Other IDR proteins
KMT2A_HUMAN,0.133514986376021,0.07084468664850137,Other IDR proteins
AFAD_HUMAN,0.119444444444444,0.07083333333333333,Other IDR proteins
LSP1_HUMAN,0.112094395280235,0.07079646017699115,Other IDR proteins
CARD9_HUMAN,0.11504424778761,0.07079646017699115,Other IDR proteins
PP1RA_HUMAN,0.121212121212121,0.0707070707070707,Other IDR proteins
FOXP1_HUMAN,0.121212121212121,0.0707070707070707,Other IDR proteins
MAN1_HUMAN,0.139186295503212,0.07066381156316917,Other IDR proteins
CRTC2_HUMAN,0.203804347826086,0.07065217391304347,Other IDR proteins
ZN185_HUMAN,0.155698234349919,0.07062600321027288,Other IDR proteins
SMRCD_HUMAN,0.2,0.07058823529411765,Other IDR proteins
E2F5_HUMAN,0.225352112676056,0.07042253521126761,Other IDR proteins
ANS1A_HUMAN,0.154929577464788,0.07042253521126761,Other IDR proteins
WASF2_HUMAN,0.144366197183098,0.07042253521126761,Other IDR proteins
SYNP2_HUMAN,0.164665523156089,0.07032590051457976,Other IDR proteins
CBX1_HUMAN,0.0918918918918919,0.07027027027027027,Other IDR proteins
YAP1_HUMAN,0.087719298245614,0.07017543859649122,Other IDR proteins
OTUD4_HUMAN,0.19298245614035,0.07017543859649122,Other IDR proteins
RHG12_HUMAN,0.105263157894736,0.07017543859649122,Other IDR proteins
PHC3_HUMAN,0.087719298245614,0.07017543859649122,Other IDR proteins
SPF45_HUMAN,0.118421052631578,0.07017543859649122,Other IDR proteins
BRD9_HUMAN,0.228070175438596,0.07017543859649122,Other IDR proteins
NOP53_HUMAN,0.105263157894736,0.07017543859649122,Other IDR proteins
F169A_HUMAN,0.152882205513784,0.07017543859649122,Other IDR proteins
DNM3B_HUMAN,0.16822429906542,0.07009345794392523,Other IDR proteins
ITPI2_HUMAN,0.16,0.07,Other IDR proteins
CTND2_HUMAN,0.220430107526881,0.06989247311827956,Other IDR proteins
WAC2A_HUMAN,0.112663755458515,0.06986899563318777,Other IDR proteins
CHD2_HUMAN,0.161764705882352,0.06985294117647059,Other IDR proteins
FOXO3_HUMAN,0.212290502793296,0.06983240223463687,Other IDR proteins
HNRPR_HUMAN,0.172093023255813,0.06976744186046512,Other IDR proteins
RHG30_HUMAN,0.174418604651162,0.06976744186046512,Other IDR proteins
ZC3H8_HUMAN,0.104651162790697,0.06976744186046512,Other IDR proteins
SSH3_HUMAN,0.116279069767441,0.06976744186046512,Other IDR proteins
KS6C1_HUMAN,0.244186046511627,0.06976744186046512,Other IDR proteins
KDM2B_HUMAN,0.127272727272727,0.0696969696969697,Other IDR proteins
SCEL_HUMAN,0.151898734177215,0.06962025316455696,Other IDR proteins
CIP4_HUMAN,0.120253164556962,0.06962025316455696,Other IDR proteins
SAFB1_HUMAN,0.120649651972157,0.06960556844547564,Other IDR proteins
NUMA1_HUMAN,0.101604278074866,0.06951871657754011,Other IDR proteins
4ET_HUMAN,0.112299465240641,0.06951871657754011,Other IDR proteins
XPC_HUMAN,0.0972222222222222,0.06944444444444445,Other IDR proteins
CACB1_HUMAN,0.263888888888888,0.06944444444444445,Other IDR proteins
TGS1_HUMAN,0.152777777777777,0.06944444444444445,Other IDR proteins
GCP60_HUMAN,0.0694444444444444,0.06944444444444445,Other IDR proteins
PRAG1_HUMAN,0.172259507829977,0.06935123042505593,Other IDR proteins
ANR17_HUMAN,0.160583941605839,0.06934306569343066,Other IDR proteins
PKHA4_HUMAN,0.118811881188118,0.06930693069306931,Other IDR proteins
RBM27_HUMAN,0.153846153846153,0.06923076923076923,Other IDR proteins
HDC_HUMAN,0.123076923076923,0.06923076923076923,Other IDR proteins
CLCC1_HUMAN,0.122340425531914,0.06914893617021277,Other IDR proteins
NSD3_HUMAN,0.157894736842105,0.06907894736842106,Other IDR proteins
PKHG3_HUMAN,0.191222570532915,0.06896551724137931,Other IDR proteins
CLGN_HUMAN,0.0862068965517241,0.06896551724137931,Other IDR proteins
SMCA1_HUMAN,0.103448275862068,0.06896551724137931,Other IDR proteins
SMCA4_HUMAN,0.137931034482758,0.06896551724137931,Other IDR proteins
HNRPD_HUMAN,0.126436781609195,0.06896551724137931,Other IDR proteins
DCA11_HUMAN,0.114942528735632,0.06896551724137931,Other IDR proteins
ZHX3_HUMAN,0.172413793103448,0.06896551724137931,Other IDR proteins
KI18B_HUMAN,0.121311475409836,0.06885245901639345,Other IDR proteins
RSRC2_HUMAN,0.192028985507246,0.06884057971014493,Other IDR proteins
KDIS_HUMAN,0.221374045801526,0.06870229007633588,Other IDR proteins
JCAD_HUMAN,0.151554404145077,0.06865284974093264,Other IDR proteins
ZYX_HUMAN,0.102902374670184,0.06860158311345646,Other IDR proteins
NKTR_HUMAN,0.251753702260327,0.06858924395947,Other IDR proteins
ITPI2_HUMAN,0.16,0.06857142857142857,Other IDR proteins
MED19_HUMAN,0.150684931506849,0.0684931506849315,Other IDR proteins
FUBP3_HUMAN,0.0821917808219178,0.0684931506849315,Other IDR proteins
KMT2A_HUMAN,0.198697068403908,0.06840390879478828,Other IDR proteins
MAST2_HUMAN,0.172638436482084,0.06840390879478828,Other IDR proteins
DHX9_HUMAN,0.239316239316239,0.06837606837606838,Other IDR proteins
FHOD3_HUMAN,0.247863247863247,0.06837606837606838,Other IDR proteins
JPH1_HUMAN,0.205128205128205,0.06837606837606838,Other IDR proteins
ANLN_HUMAN,0.111111111111111,0.06837606837606838,Other IDR proteins
ANKH1_HUMAN,0.107317073170731,0.06829268292682927,Other IDR proteins
APC_HUMAN,0.177541729893778,0.06828528072837632,Other IDR proteins
KI67_HUMAN,0.128608923884514,0.06824146981627296,Other IDR proteins
MRGBP_HUMAN,0.159090909090909,0.06818181818181818,Other IDR proteins
TBX22_HUMAN,0.193181818181818,0.06818181818181818,Other IDR proteins
MIER1_HUMAN,0.136054421768707,0.06802721088435375,Other IDR proteins
PHLB2_HUMAN,0.208737864077669,0.06796116504854369,Other IDR proteins
SENP7_HUMAN,0.155339805825242,0.06796116504854369,Other IDR proteins
PKHG3_HUMAN,0.121428571428571,0.06785714285714285,Other IDR proteins
PCM1_HUMAN,0.271186440677966,0.06779661016949153,Other IDR proteins
PCM1_HUMAN,0.144067796610169,0.06779661016949153,Other IDR proteins
CE350_HUMAN,0.186440677966101,0.06779661016949153,Other IDR proteins
TMED8_HUMAN,0.110169491525423,0.06779661016949153,Other IDR proteins
RB12B_HUMAN,0.169491525423728,0.06779661016949153,Other IDR proteins
UBP1_HUMAN,0.162162162162162,0.06756756756756757,Other IDR proteins
ZN865_HUMAN,0.175675675675675,0.06756756756756757,Other IDR proteins
TMF1_HUMAN,0.184684684684684,0.06756756756756757,Other IDR proteins
NFXL1_HUMAN,0.121621621621621,0.06756756756756757,Other IDR proteins
UBXN4_HUMAN,0.135135135135135,0.06756756756756757,Other IDR proteins
TANC2_HUMAN,0.199356913183279,0.06752411575562701,Other IDR proteins
MTCL1_HUMAN,0.141104294478527,0.06748466257668712,Other IDR proteins
K1671_HUMAN,0.143338954468802,0.06745362563237774,Other IDR proteins
PCNP_HUMAN,0.117977528089887,0.06741573033707865,Other IDR proteins
SIR1_HUMAN,0.191011235955056,0.06741573033707865,Other IDR proteins
SRRM2_HUMAN,0.0674157303370786,0.06741573033707865,Core splicing protein
MICA3_HUMAN,0.111940298507462,0.06716417910447761,Other IDR proteins
TSC1_HUMAN,0.158536585365853,0.06707317073170732,Other IDR proteins
NCOR2_HUMAN,0.147453083109919,0.06702412868632708,Other IDR proteins
RHG25_HUMAN,0.144366197183098,0.06690140845070422,Other IDR proteins
EYA3_HUMAN,0.210702341137123,0.06688963210702341,Other IDR proteins
E41L1_HUMAN,0.130434782608695,0.06688963210702341,Other IDR proteins
APC_HUMAN,0.188888888888888,0.06666666666666667,Other IDR proteins
RPA43_HUMAN,0.0962962962962963,0.06666666666666667,Other IDR proteins
BCL7A_HUMAN,0.157142857142857,0.06666666666666667,Other IDR proteins
RHG12_HUMAN,0.166666666666666,0.06666666666666667,Other IDR proteins
RNF10_HUMAN,0.259259259259259,0.06666666666666667,Other IDR proteins
WBP2_HUMAN,0.183333333333333,0.06666666666666667,Other IDR proteins
DDX21_HUMAN,0.0944444444444444,0.06666666666666667,Other IDR proteins
PHF14_HUMAN,0.148734177215189,0.06645569620253164,Other IDR proteins
ADNP_HUMAN,0.15234375,0.06640625,Other IDR proteins
GPTC2_HUMAN,0.128318584070796,0.06637168141592921,Other IDR proteins
TFG_HUMAN,0.170616113744075,0.06635071090047394,Other IDR proteins
SYN3_HUMAN,0.18232044198895,0.06629834254143646,Other IDR proteins
PAR3L_HUMAN,0.114457831325301,0.06626506024096386,Other IDR proteins
